"","Var1","Var2","E"
"1",-2.5,-2.5,83.459517959608
"2",-2.3936170212766,-2.5,82.0382138357504
"3",-2.28723404255319,-2.5,88.8865735563776
"4",-2.18085106382979,-2.5,92.7313175296611
"5",-2.07446808510638,-2.5,58.2467589035627
"6",-1.96808510638298,-2.5,74.2290188298122
"7",-1.86170212765957,-2.5,72.7969481452866
"8",-1.75531914893617,-2.5,0
"9",-1.64893617021277,-2.5,0
"10",-1.54255319148936,-2.5,0
"11",-1.43617021276596,-2.5,0
"12",-1.32978723404255,-2.5,0
"13",-1.22340425531915,-2.5,0
"14",-1.11702127659574,-2.5,0
"15",-1.01063829787234,-2.5,0
"16",-0.904255319148936,-2.5,0
"17",-0.797872340425532,-2.5,0
"18",-0.691489361702128,-2.5,0
"19",-0.585106382978723,-2.5,0
"20",-0.478723404255319,-2.5,0
"21",-0.372340425531915,-2.5,0
"22",-0.26595744680851,-2.5,0
"23",-0.159574468085106,-2.5,0
"24",-0.0531914893617023,-2.5,0
"25",0.0531914893617023,-2.5,0
"26",0.159574468085106,-2.5,0
"27",0.265957446808511,-2.5,0
"28",0.372340425531915,-2.5,0
"29",0.478723404255319,-2.5,0
"30",0.585106382978724,-2.5,0
"31",0.691489361702128,-2.5,0
"32",0.797872340425532,-2.5,0
"33",0.904255319148936,-2.5,0
"34",1.01063829787234,-2.5,0
"35",1.11702127659574,-2.5,0
"36",1.22340425531915,-2.5,0
"37",1.32978723404255,-2.5,0
"38",1.43617021276596,-2.5,0
"39",1.54255319148936,-2.5,0
"40",1.64893617021277,-2.5,0
"41",1.75531914893617,-2.5,0
"42",1.86170212765957,-2.5,0
"43",1.96808510638298,-2.5,0
"44",2.07446808510638,-2.5,0
"45",2.18085106382979,-2.5,0
"46",2.28723404255319,-2.5,0
"47",2.3936170212766,-2.5,0
"48",2.5,-2.5,0
"49",-2.5,-2.3936170212766,0
"50",-2.3936170212766,-2.3936170212766,0
"51",-2.28723404255319,-2.3936170212766,0
"52",-2.18085106382979,-2.3936170212766,0
"53",-2.07446808510638,-2.3936170212766,0
"54",-1.96808510638298,-2.3936170212766,0
"55",-1.86170212765957,-2.3936170212766,0
"56",-1.75531914893617,-2.3936170212766,0
"57",-1.64893617021277,-2.3936170212766,0
"58",-1.54255319148936,-2.3936170212766,0
"59",-1.43617021276596,-2.3936170212766,0
"60",-1.32978723404255,-2.3936170212766,0
"61",-1.22340425531915,-2.3936170212766,0
"62",-1.11702127659574,-2.3936170212766,0
"63",-1.01063829787234,-2.3936170212766,0
"64",-0.904255319148936,-2.3936170212766,0
"65",-0.797872340425532,-2.3936170212766,0
"66",-0.691489361702128,-2.3936170212766,0
"67",-0.585106382978723,-2.3936170212766,0
"68",-0.478723404255319,-2.3936170212766,0
"69",-0.372340425531915,-2.3936170212766,0
"70",-0.26595744680851,-2.3936170212766,0
"71",-0.159574468085106,-2.3936170212766,0
"72",-0.0531914893617023,-2.3936170212766,0
"73",0.0531914893617023,-2.3936170212766,0
"74",0.159574468085106,-2.3936170212766,0
"75",0.265957446808511,-2.3936170212766,0
"76",0.372340425531915,-2.3936170212766,0
"77",0.478723404255319,-2.3936170212766,0
"78",0.585106382978724,-2.3936170212766,0
"79",0.691489361702128,-2.3936170212766,0
"80",0.797872340425532,-2.3936170212766,0
"81",0.904255319148936,-2.3936170212766,0
"82",1.01063829787234,-2.3936170212766,0
"83",1.11702127659574,-2.3936170212766,0
"84",1.22340425531915,-2.3936170212766,0
"85",1.32978723404255,-2.3936170212766,0
"86",1.43617021276596,-2.3936170212766,0
"87",1.54255319148936,-2.3936170212766,0
"88",1.64893617021277,-2.3936170212766,0
"89",1.75531914893617,-2.3936170212766,0
"90",1.86170212765957,-2.3936170212766,0
"91",1.96808510638298,-2.3936170212766,0
"92",2.07446808510638,-2.3936170212766,0
"93",2.18085106382979,-2.3936170212766,0
"94",2.28723404255319,-2.3936170212766,0
"95",2.3936170212766,-2.3936170212766,0
"96",2.5,-2.3936170212766,0
"97",-2.5,-2.28723404255319,0
"98",-2.3936170212766,-2.28723404255319,0
"99",-2.28723404255319,-2.28723404255319,0
"100",-2.18085106382979,-2.28723404255319,0
"101",-2.07446808510638,-2.28723404255319,0
"102",-1.96808510638298,-2.28723404255319,0
"103",-1.86170212765957,-2.28723404255319,0
"104",-1.75531914893617,-2.28723404255319,0
"105",-1.64893617021277,-2.28723404255319,0
"106",-1.54255319148936,-2.28723404255319,0
"107",-1.43617021276596,-2.28723404255319,0
"108",-1.32978723404255,-2.28723404255319,0
"109",-1.22340425531915,-2.28723404255319,0
"110",-1.11702127659574,-2.28723404255319,0
"111",-1.01063829787234,-2.28723404255319,0
"112",-0.904255319148936,-2.28723404255319,0
"113",-0.797872340425532,-2.28723404255319,0
"114",-0.691489361702128,-2.28723404255319,0
"115",-0.585106382978723,-2.28723404255319,0
"116",-0.478723404255319,-2.28723404255319,0
"117",-0.372340425531915,-2.28723404255319,0
"118",-0.26595744680851,-2.28723404255319,0
"119",-0.159574468085106,-2.28723404255319,0
"120",-0.0531914893617023,-2.28723404255319,0
"121",0.0531914893617023,-2.28723404255319,0
"122",0.159574468085106,-2.28723404255319,0
"123",0.265957446808511,-2.28723404255319,0
"124",0.372340425531915,-2.28723404255319,0
"125",0.478723404255319,-2.28723404255319,0
"126",0.585106382978724,-2.28723404255319,0
"127",0.691489361702128,-2.28723404255319,0
"128",0.797872340425532,-2.28723404255319,0
"129",0.904255319148936,-2.28723404255319,0
"130",1.01063829787234,-2.28723404255319,0
"131",1.11702127659574,-2.28723404255319,0
"132",1.22340425531915,-2.28723404255319,0
"133",1.32978723404255,-2.28723404255319,0
"134",1.43617021276596,-2.28723404255319,0
"135",1.54255319148936,-2.28723404255319,0
"136",1.64893617021277,-2.28723404255319,0
"137",1.75531914893617,-2.28723404255319,0
"138",1.86170212765957,-2.28723404255319,0
"139",1.96808510638298,-2.28723404255319,0
"140",2.07446808510638,-2.28723404255319,0
"141",2.18085106382979,-2.28723404255319,0
"142",2.28723404255319,-2.28723404255319,0
"143",2.3936170212766,-2.28723404255319,0
"144",2.5,-2.28723404255319,0
"145",-2.5,-2.18085106382979,0
"146",-2.3936170212766,-2.18085106382979,0
"147",-2.28723404255319,-2.18085106382979,0
"148",-2.18085106382979,-2.18085106382979,0
"149",-2.07446808510638,-2.18085106382979,0
"150",-1.96808510638298,-2.18085106382979,0
"151",-1.86170212765957,-2.18085106382979,0
"152",-1.75531914893617,-2.18085106382979,0
"153",-1.64893617021277,-2.18085106382979,0
"154",-1.54255319148936,-2.18085106382979,0
"155",-1.43617021276596,-2.18085106382979,0
"156",-1.32978723404255,-2.18085106382979,0
"157",-1.22340425531915,-2.18085106382979,0
"158",-1.11702127659574,-2.18085106382979,0
"159",-1.01063829787234,-2.18085106382979,0
"160",-0.904255319148936,-2.18085106382979,0
"161",-0.797872340425532,-2.18085106382979,0
"162",-0.691489361702128,-2.18085106382979,0
"163",-0.585106382978723,-2.18085106382979,0
"164",-0.478723404255319,-2.18085106382979,0
"165",-0.372340425531915,-2.18085106382979,0
"166",-0.26595744680851,-2.18085106382979,0
"167",-0.159574468085106,-2.18085106382979,0
"168",-0.0531914893617023,-2.18085106382979,0
"169",0.0531914893617023,-2.18085106382979,0
"170",0.159574468085106,-2.18085106382979,0
"171",0.265957446808511,-2.18085106382979,0
"172",0.372340425531915,-2.18085106382979,0
"173",0.478723404255319,-2.18085106382979,0
"174",0.585106382978724,-2.18085106382979,0
"175",0.691489361702128,-2.18085106382979,0
"176",0.797872340425532,-2.18085106382979,0
"177",0.904255319148936,-2.18085106382979,0
"178",1.01063829787234,-2.18085106382979,0
"179",1.11702127659574,-2.18085106382979,0
"180",1.22340425531915,-2.18085106382979,0
"181",1.32978723404255,-2.18085106382979,0
"182",1.43617021276596,-2.18085106382979,0
"183",1.54255319148936,-2.18085106382979,0
"184",1.64893617021277,-2.18085106382979,0
"185",1.75531914893617,-2.18085106382979,0
"186",1.86170212765957,-2.18085106382979,0
"187",1.96808510638298,-2.18085106382979,0
"188",2.07446808510638,-2.18085106382979,0
"189",2.18085106382979,-2.18085106382979,0
"190",2.28723404255319,-2.18085106382979,0
"191",2.3936170212766,-2.18085106382979,0
"192",2.5,-2.18085106382979,0
"193",-2.5,-2.07446808510638,0
"194",-2.3936170212766,-2.07446808510638,0
"195",-2.28723404255319,-2.07446808510638,0
"196",-2.18085106382979,-2.07446808510638,0
"197",-2.07446808510638,-2.07446808510638,0
"198",-1.96808510638298,-2.07446808510638,0
"199",-1.86170212765957,-2.07446808510638,0
"200",-1.75531914893617,-2.07446808510638,0
"201",-1.64893617021277,-2.07446808510638,0
"202",-1.54255319148936,-2.07446808510638,0
"203",-1.43617021276596,-2.07446808510638,0
"204",-1.32978723404255,-2.07446808510638,0
"205",-1.22340425531915,-2.07446808510638,0
"206",-1.11702127659574,-2.07446808510638,0
"207",-1.01063829787234,-2.07446808510638,0
"208",-0.904255319148936,-2.07446808510638,0
"209",-0.797872340425532,-2.07446808510638,0
"210",-0.691489361702128,-2.07446808510638,0
"211",-0.585106382978723,-2.07446808510638,0
"212",-0.478723404255319,-2.07446808510638,0
"213",-0.372340425531915,-2.07446808510638,0
"214",-0.26595744680851,-2.07446808510638,0
"215",-0.159574468085106,-2.07446808510638,0
"216",-0.0531914893617023,-2.07446808510638,0
"217",0.0531914893617023,-2.07446808510638,0
"218",0.159574468085106,-2.07446808510638,0
"219",0.265957446808511,-2.07446808510638,0
"220",0.372340425531915,-2.07446808510638,0
"221",0.478723404255319,-2.07446808510638,0
"222",0.585106382978724,-2.07446808510638,0
"223",0.691489361702128,-2.07446808510638,0
"224",0.797872340425532,-2.07446808510638,0
"225",0.904255319148936,-2.07446808510638,0
"226",1.01063829787234,-2.07446808510638,0
"227",1.11702127659574,-2.07446808510638,0
"228",1.22340425531915,-2.07446808510638,0
"229",1.32978723404255,-2.07446808510638,0
"230",1.43617021276596,-2.07446808510638,0
"231",1.54255319148936,-2.07446808510638,0
"232",1.64893617021277,-2.07446808510638,0
"233",1.75531914893617,-2.07446808510638,0
"234",1.86170212765957,-2.07446808510638,0
"235",1.96808510638298,-2.07446808510638,0
"236",2.07446808510638,-2.07446808510638,0
"237",2.18085106382979,-2.07446808510638,0
"238",2.28723404255319,-2.07446808510638,0
"239",2.3936170212766,-2.07446808510638,0
"240",2.5,-2.07446808510638,0
"241",-2.5,-1.96808510638298,0
"242",-2.3936170212766,-1.96808510638298,0
"243",-2.28723404255319,-1.96808510638298,0
"244",-2.18085106382979,-1.96808510638298,0
"245",-2.07446808510638,-1.96808510638298,0
"246",-1.96808510638298,-1.96808510638298,0
"247",-1.86170212765957,-1.96808510638298,0
"248",-1.75531914893617,-1.96808510638298,0
"249",-1.64893617021277,-1.96808510638298,0
"250",-1.54255319148936,-1.96808510638298,0
"251",-1.43617021276596,-1.96808510638298,0
"252",-1.32978723404255,-1.96808510638298,0
"253",-1.22340425531915,-1.96808510638298,0
"254",-1.11702127659574,-1.96808510638298,0
"255",-1.01063829787234,-1.96808510638298,0
"256",-0.904255319148936,-1.96808510638298,0
"257",-0.797872340425532,-1.96808510638298,0
"258",-0.691489361702128,-1.96808510638298,0
"259",-0.585106382978723,-1.96808510638298,0
"260",-0.478723404255319,-1.96808510638298,0
"261",-0.372340425531915,-1.96808510638298,0
"262",-0.26595744680851,-1.96808510638298,0
"263",-0.159574468085106,-1.96808510638298,0
"264",-0.0531914893617023,-1.96808510638298,0
"265",0.0531914893617023,-1.96808510638298,0
"266",0.159574468085106,-1.96808510638298,0
"267",0.265957446808511,-1.96808510638298,0
"268",0.372340425531915,-1.96808510638298,0
"269",0.478723404255319,-1.96808510638298,0
"270",0.585106382978724,-1.96808510638298,0
"271",0.691489361702128,-1.96808510638298,0
"272",0.797872340425532,-1.96808510638298,0
"273",0.904255319148936,-1.96808510638298,0
"274",1.01063829787234,-1.96808510638298,0
"275",1.11702127659574,-1.96808510638298,0
"276",1.22340425531915,-1.96808510638298,0
"277",1.32978723404255,-1.96808510638298,0
"278",1.43617021276596,-1.96808510638298,0
"279",1.54255319148936,-1.96808510638298,0
"280",1.64893617021277,-1.96808510638298,0
"281",1.75531914893617,-1.96808510638298,0
"282",1.86170212765957,-1.96808510638298,0
"283",1.96808510638298,-1.96808510638298,0
"284",2.07446808510638,-1.96808510638298,0
"285",2.18085106382979,-1.96808510638298,0
"286",2.28723404255319,-1.96808510638298,0
"287",2.3936170212766,-1.96808510638298,0
"288",2.5,-1.96808510638298,0
"289",-2.5,-1.86170212765957,0
"290",-2.3936170212766,-1.86170212765957,0
"291",-2.28723404255319,-1.86170212765957,0
"292",-2.18085106382979,-1.86170212765957,0
"293",-2.07446808510638,-1.86170212765957,0
"294",-1.96808510638298,-1.86170212765957,0
"295",-1.86170212765957,-1.86170212765957,0
"296",-1.75531914893617,-1.86170212765957,0
"297",-1.64893617021277,-1.86170212765957,0
"298",-1.54255319148936,-1.86170212765957,0
"299",-1.43617021276596,-1.86170212765957,0
"300",-1.32978723404255,-1.86170212765957,0
"301",-1.22340425531915,-1.86170212765957,0
"302",-1.11702127659574,-1.86170212765957,0
"303",-1.01063829787234,-1.86170212765957,0
"304",-0.904255319148936,-1.86170212765957,0
"305",-0.797872340425532,-1.86170212765957,0
"306",-0.691489361702128,-1.86170212765957,0
"307",-0.585106382978723,-1.86170212765957,0
"308",-0.478723404255319,-1.86170212765957,0
"309",-0.372340425531915,-1.86170212765957,0
"310",-0.26595744680851,-1.86170212765957,0
"311",-0.159574468085106,-1.86170212765957,0
"312",-0.0531914893617023,-1.86170212765957,0
"313",0.0531914893617023,-1.86170212765957,0
"314",0.159574468085106,-1.86170212765957,0
"315",0.265957446808511,-1.86170212765957,0
"316",0.372340425531915,-1.86170212765957,0
"317",0.478723404255319,-1.86170212765957,0
"318",0.585106382978724,-1.86170212765957,0
"319",0.691489361702128,-1.86170212765957,0
"320",0.797872340425532,-1.86170212765957,0
"321",0.904255319148936,-1.86170212765957,0
"322",1.01063829787234,-1.86170212765957,0
"323",1.11702127659574,-1.86170212765957,0
"324",1.22340425531915,-1.86170212765957,0
"325",1.32978723404255,-1.86170212765957,0
"326",1.43617021276596,-1.86170212765957,0
"327",1.54255319148936,-1.86170212765957,0
"328",1.64893617021277,-1.86170212765957,0
"329",1.75531914893617,-1.86170212765957,0
"330",1.86170212765957,-1.86170212765957,0
"331",1.96808510638298,-1.86170212765957,0
"332",2.07446808510638,-1.86170212765957,0
"333",2.18085106382979,-1.86170212765957,0
"334",2.28723404255319,-1.86170212765957,0
"335",2.3936170212766,-1.86170212765957,0
"336",2.5,-1.86170212765957,0
"337",-2.5,-1.75531914893617,0
"338",-2.3936170212766,-1.75531914893617,0
"339",-2.28723404255319,-1.75531914893617,0
"340",-2.18085106382979,-1.75531914893617,0
"341",-2.07446808510638,-1.75531914893617,0
"342",-1.96808510638298,-1.75531914893617,0
"343",-1.86170212765957,-1.75531914893617,0
"344",-1.75531914893617,-1.75531914893617,0
"345",-1.64893617021277,-1.75531914893617,0
"346",-1.54255319148936,-1.75531914893617,0
"347",-1.43617021276596,-1.75531914893617,0
"348",-1.32978723404255,-1.75531914893617,0
"349",-1.22340425531915,-1.75531914893617,0
"350",-1.11702127659574,-1.75531914893617,0
"351",-1.01063829787234,-1.75531914893617,0
"352",-0.904255319148936,-1.75531914893617,0
"353",-0.797872340425532,-1.75531914893617,0
"354",-0.691489361702128,-1.75531914893617,0
"355",-0.585106382978723,-1.75531914893617,0
"356",-0.478723404255319,-1.75531914893617,0
"357",-0.372340425531915,-1.75531914893617,0
"358",-0.26595744680851,-1.75531914893617,0
"359",-0.159574468085106,-1.75531914893617,0
"360",-0.0531914893617023,-1.75531914893617,0
"361",0.0531914893617023,-1.75531914893617,0
"362",0.159574468085106,-1.75531914893617,0
"363",0.265957446808511,-1.75531914893617,0
"364",0.372340425531915,-1.75531914893617,0
"365",0.478723404255319,-1.75531914893617,0
"366",0.585106382978724,-1.75531914893617,0
"367",0.691489361702128,-1.75531914893617,0
"368",0.797872340425532,-1.75531914893617,0
"369",0.904255319148936,-1.75531914893617,0
"370",1.01063829787234,-1.75531914893617,0
"371",1.11702127659574,-1.75531914893617,0
"372",1.22340425531915,-1.75531914893617,0
"373",1.32978723404255,-1.75531914893617,0
"374",1.43617021276596,-1.75531914893617,0
"375",1.54255319148936,-1.75531914893617,0
"376",1.64893617021277,-1.75531914893617,0
"377",1.75531914893617,-1.75531914893617,0
"378",1.86170212765957,-1.75531914893617,0
"379",1.96808510638298,-1.75531914893617,0
"380",2.07446808510638,-1.75531914893617,0
"381",2.18085106382979,-1.75531914893617,0
"382",2.28723404255319,-1.75531914893617,0
"383",2.3936170212766,-1.75531914893617,0
"384",2.5,-1.75531914893617,0
"385",-2.5,-1.64893617021277,0
"386",-2.3936170212766,-1.64893617021277,0
"387",-2.28723404255319,-1.64893617021277,0
"388",-2.18085106382979,-1.64893617021277,0
"389",-2.07446808510638,-1.64893617021277,0
"390",-1.96808510638298,-1.64893617021277,0
"391",-1.86170212765957,-1.64893617021277,0
"392",-1.75531914893617,-1.64893617021277,0
"393",-1.64893617021277,-1.64893617021277,0
"394",-1.54255319148936,-1.64893617021277,0
"395",-1.43617021276596,-1.64893617021277,0
"396",-1.32978723404255,-1.64893617021277,0
"397",-1.22340425531915,-1.64893617021277,0
"398",-1.11702127659574,-1.64893617021277,0
"399",-1.01063829787234,-1.64893617021277,0
"400",-0.904255319148936,-1.64893617021277,0
"401",-0.797872340425532,-1.64893617021277,0
"402",-0.691489361702128,-1.64893617021277,0
"403",-0.585106382978723,-1.64893617021277,0
"404",-0.478723404255319,-1.64893617021277,0
"405",-0.372340425531915,-1.64893617021277,0
"406",-0.26595744680851,-1.64893617021277,0
"407",-0.159574468085106,-1.64893617021277,0
"408",-0.0531914893617023,-1.64893617021277,0
"409",0.0531914893617023,-1.64893617021277,0
"410",0.159574468085106,-1.64893617021277,0
"411",0.265957446808511,-1.64893617021277,0
"412",0.372340425531915,-1.64893617021277,0
"413",0.478723404255319,-1.64893617021277,0
"414",0.585106382978724,-1.64893617021277,0
"415",0.691489361702128,-1.64893617021277,0
"416",0.797872340425532,-1.64893617021277,0
"417",0.904255319148936,-1.64893617021277,0
"418",1.01063829787234,-1.64893617021277,0
"419",1.11702127659574,-1.64893617021277,0
"420",1.22340425531915,-1.64893617021277,0
"421",1.32978723404255,-1.64893617021277,0
"422",1.43617021276596,-1.64893617021277,0
"423",1.54255319148936,-1.64893617021277,0
"424",1.64893617021277,-1.64893617021277,0
"425",1.75531914893617,-1.64893617021277,0
"426",1.86170212765957,-1.64893617021277,0
"427",1.96808510638298,-1.64893617021277,0
"428",2.07446808510638,-1.64893617021277,0
"429",2.18085106382979,-1.64893617021277,0
"430",2.28723404255319,-1.64893617021277,0
"431",2.3936170212766,-1.64893617021277,0
"432",2.5,-1.64893617021277,0
"433",-2.5,-1.54255319148936,0
"434",-2.3936170212766,-1.54255319148936,0
"435",-2.28723404255319,-1.54255319148936,0
"436",-2.18085106382979,-1.54255319148936,0
"437",-2.07446808510638,-1.54255319148936,0
"438",-1.96808510638298,-1.54255319148936,0
"439",-1.86170212765957,-1.54255319148936,0
"440",-1.75531914893617,-1.54255319148936,0
"441",-1.64893617021277,-1.54255319148936,0
"442",-1.54255319148936,-1.54255319148936,0
"443",-1.43617021276596,-1.54255319148936,0
"444",-1.32978723404255,-1.54255319148936,0
"445",-1.22340425531915,-1.54255319148936,0
"446",-1.11702127659574,-1.54255319148936,0
"447",-1.01063829787234,-1.54255319148936,0
"448",-0.904255319148936,-1.54255319148936,0
"449",-0.797872340425532,-1.54255319148936,0
"450",-0.691489361702128,-1.54255319148936,0
"451",-0.585106382978723,-1.54255319148936,0
"452",-0.478723404255319,-1.54255319148936,0
"453",-0.372340425531915,-1.54255319148936,0
"454",-0.26595744680851,-1.54255319148936,0
"455",-0.159574468085106,-1.54255319148936,0
"456",-0.0531914893617023,-1.54255319148936,0
"457",0.0531914893617023,-1.54255319148936,0
"458",0.159574468085106,-1.54255319148936,0
"459",0.265957446808511,-1.54255319148936,0
"460",0.372340425531915,-1.54255319148936,0
"461",0.478723404255319,-1.54255319148936,0
"462",0.585106382978724,-1.54255319148936,0
"463",0.691489361702128,-1.54255319148936,0
"464",0.797872340425532,-1.54255319148936,0
"465",0.904255319148936,-1.54255319148936,0
"466",1.01063829787234,-1.54255319148936,0
"467",1.11702127659574,-1.54255319148936,0
"468",1.22340425531915,-1.54255319148936,0
"469",1.32978723404255,-1.54255319148936,0
"470",1.43617021276596,-1.54255319148936,0
"471",1.54255319148936,-1.54255319148936,0
"472",1.64893617021277,-1.54255319148936,0
"473",1.75531914893617,-1.54255319148936,0
"474",1.86170212765957,-1.54255319148936,0
"475",1.96808510638298,-1.54255319148936,0
"476",2.07446808510638,-1.54255319148936,0
"477",2.18085106382979,-1.54255319148936,0
"478",2.28723404255319,-1.54255319148936,0
"479",2.3936170212766,-1.54255319148936,0
"480",2.5,-1.54255319148936,0
"481",-2.5,-1.43617021276596,0
"482",-2.3936170212766,-1.43617021276596,0
"483",-2.28723404255319,-1.43617021276596,0
"484",-2.18085106382979,-1.43617021276596,0
"485",-2.07446808510638,-1.43617021276596,0
"486",-1.96808510638298,-1.43617021276596,0
"487",-1.86170212765957,-1.43617021276596,0
"488",-1.75531914893617,-1.43617021276596,0
"489",-1.64893617021277,-1.43617021276596,0
"490",-1.54255319148936,-1.43617021276596,0
"491",-1.43617021276596,-1.43617021276596,0
"492",-1.32978723404255,-1.43617021276596,0
"493",-1.22340425531915,-1.43617021276596,0
"494",-1.11702127659574,-1.43617021276596,0
"495",-1.01063829787234,-1.43617021276596,0
"496",-0.904255319148936,-1.43617021276596,0
"497",-0.797872340425532,-1.43617021276596,0
"498",-0.691489361702128,-1.43617021276596,0
"499",-0.585106382978723,-1.43617021276596,0
"500",-0.478723404255319,-1.43617021276596,0
"501",-0.372340425531915,-1.43617021276596,0
"502",-0.26595744680851,-1.43617021276596,0
"503",-0.159574468085106,-1.43617021276596,0
"504",-0.0531914893617023,-1.43617021276596,0
"505",0.0531914893617023,-1.43617021276596,0
"506",0.159574468085106,-1.43617021276596,0
"507",0.265957446808511,-1.43617021276596,0
"508",0.372340425531915,-1.43617021276596,0
"509",0.478723404255319,-1.43617021276596,0
"510",0.585106382978724,-1.43617021276596,0
"511",0.691489361702128,-1.43617021276596,0
"512",0.797872340425532,-1.43617021276596,0
"513",0.904255319148936,-1.43617021276596,0
"514",1.01063829787234,-1.43617021276596,0
"515",1.11702127659574,-1.43617021276596,0
"516",1.22340425531915,-1.43617021276596,0
"517",1.32978723404255,-1.43617021276596,0
"518",1.43617021276596,-1.43617021276596,0
"519",1.54255319148936,-1.43617021276596,0
"520",1.64893617021277,-1.43617021276596,0
"521",1.75531914893617,-1.43617021276596,0
"522",1.86170212765957,-1.43617021276596,0
"523",1.96808510638298,-1.43617021276596,0
"524",2.07446808510638,-1.43617021276596,0
"525",2.18085106382979,-1.43617021276596,0
"526",2.28723404255319,-1.43617021276596,0
"527",2.3936170212766,-1.43617021276596,0
"528",2.5,-1.43617021276596,0
"529",-2.5,-1.32978723404255,0
"530",-2.3936170212766,-1.32978723404255,0
"531",-2.28723404255319,-1.32978723404255,0
"532",-2.18085106382979,-1.32978723404255,0
"533",-2.07446808510638,-1.32978723404255,0
"534",-1.96808510638298,-1.32978723404255,0
"535",-1.86170212765957,-1.32978723404255,0
"536",-1.75531914893617,-1.32978723404255,0
"537",-1.64893617021277,-1.32978723404255,0
"538",-1.54255319148936,-1.32978723404255,0
"539",-1.43617021276596,-1.32978723404255,0
"540",-1.32978723404255,-1.32978723404255,0
"541",-1.22340425531915,-1.32978723404255,0
"542",-1.11702127659574,-1.32978723404255,0
"543",-1.01063829787234,-1.32978723404255,0
"544",-0.904255319148936,-1.32978723404255,0
"545",-0.797872340425532,-1.32978723404255,0
"546",-0.691489361702128,-1.32978723404255,0
"547",-0.585106382978723,-1.32978723404255,0
"548",-0.478723404255319,-1.32978723404255,0
"549",-0.372340425531915,-1.32978723404255,0
"550",-0.26595744680851,-1.32978723404255,0
"551",-0.159574468085106,-1.32978723404255,0
"552",-0.0531914893617023,-1.32978723404255,0
"553",0.0531914893617023,-1.32978723404255,0
"554",0.159574468085106,-1.32978723404255,0
"555",0.265957446808511,-1.32978723404255,0
"556",0.372340425531915,-1.32978723404255,0
"557",0.478723404255319,-1.32978723404255,0
"558",0.585106382978724,-1.32978723404255,0
"559",0.691489361702128,-1.32978723404255,0
"560",0.797872340425532,-1.32978723404255,0
"561",0.904255319148936,-1.32978723404255,0
"562",1.01063829787234,-1.32978723404255,0
"563",1.11702127659574,-1.32978723404255,0
"564",1.22340425531915,-1.32978723404255,0
"565",1.32978723404255,-1.32978723404255,0
"566",1.43617021276596,-1.32978723404255,0
"567",1.54255319148936,-1.32978723404255,0
"568",1.64893617021277,-1.32978723404255,0
"569",1.75531914893617,-1.32978723404255,0
"570",1.86170212765957,-1.32978723404255,0
"571",1.96808510638298,-1.32978723404255,0
"572",2.07446808510638,-1.32978723404255,0
"573",2.18085106382979,-1.32978723404255,0
"574",2.28723404255319,-1.32978723404255,0
"575",2.3936170212766,-1.32978723404255,0
"576",2.5,-1.32978723404255,0
"577",-2.5,-1.22340425531915,0
"578",-2.3936170212766,-1.22340425531915,0
"579",-2.28723404255319,-1.22340425531915,0
"580",-2.18085106382979,-1.22340425531915,0
"581",-2.07446808510638,-1.22340425531915,0
"582",-1.96808510638298,-1.22340425531915,0
"583",-1.86170212765957,-1.22340425531915,0
"584",-1.75531914893617,-1.22340425531915,0
"585",-1.64893617021277,-1.22340425531915,0
"586",-1.54255319148936,-1.22340425531915,0
"587",-1.43617021276596,-1.22340425531915,0
"588",-1.32978723404255,-1.22340425531915,0
"589",-1.22340425531915,-1.22340425531915,0
"590",-1.11702127659574,-1.22340425531915,0
"591",-1.01063829787234,-1.22340425531915,0
"592",-0.904255319148936,-1.22340425531915,0
"593",-0.797872340425532,-1.22340425531915,0
"594",-0.691489361702128,-1.22340425531915,0
"595",-0.585106382978723,-1.22340425531915,0
"596",-0.478723404255319,-1.22340425531915,0
"597",-0.372340425531915,-1.22340425531915,0
"598",-0.26595744680851,-1.22340425531915,0
"599",-0.159574468085106,-1.22340425531915,0
"600",-0.0531914893617023,-1.22340425531915,0
"601",0.0531914893617023,-1.22340425531915,0
"602",0.159574468085106,-1.22340425531915,0
"603",0.265957446808511,-1.22340425531915,0
"604",0.372340425531915,-1.22340425531915,0
"605",0.478723404255319,-1.22340425531915,0
"606",0.585106382978724,-1.22340425531915,0
"607",0.691489361702128,-1.22340425531915,0
"608",0.797872340425532,-1.22340425531915,0
"609",0.904255319148936,-1.22340425531915,0
"610",1.01063829787234,-1.22340425531915,0
"611",1.11702127659574,-1.22340425531915,0
"612",1.22340425531915,-1.22340425531915,0
"613",1.32978723404255,-1.22340425531915,0
"614",1.43617021276596,-1.22340425531915,0
"615",1.54255319148936,-1.22340425531915,0
"616",1.64893617021277,-1.22340425531915,0
"617",1.75531914893617,-1.22340425531915,0
"618",1.86170212765957,-1.22340425531915,0
"619",1.96808510638298,-1.22340425531915,0
"620",2.07446808510638,-1.22340425531915,0
"621",2.18085106382979,-1.22340425531915,0
"622",2.28723404255319,-1.22340425531915,0
"623",2.3936170212766,-1.22340425531915,0
"624",2.5,-1.22340425531915,0
"625",-2.5,-1.11702127659574,0
"626",-2.3936170212766,-1.11702127659574,0
"627",-2.28723404255319,-1.11702127659574,0
"628",-2.18085106382979,-1.11702127659574,0
"629",-2.07446808510638,-1.11702127659574,0
"630",-1.96808510638298,-1.11702127659574,0
"631",-1.86170212765957,-1.11702127659574,0
"632",-1.75531914893617,-1.11702127659574,0
"633",-1.64893617021277,-1.11702127659574,0
"634",-1.54255319148936,-1.11702127659574,0
"635",-1.43617021276596,-1.11702127659574,0
"636",-1.32978723404255,-1.11702127659574,0
"637",-1.22340425531915,-1.11702127659574,0
"638",-1.11702127659574,-1.11702127659574,0
"639",-1.01063829787234,-1.11702127659574,0
"640",-0.904255319148936,-1.11702127659574,0
"641",-0.797872340425532,-1.11702127659574,0
"642",-0.691489361702128,-1.11702127659574,0
"643",-0.585106382978723,-1.11702127659574,0
"644",-0.478723404255319,-1.11702127659574,0
"645",-0.372340425531915,-1.11702127659574,0
"646",-0.26595744680851,-1.11702127659574,0
"647",-0.159574468085106,-1.11702127659574,0
"648",-0.0531914893617023,-1.11702127659574,0
"649",0.0531914893617023,-1.11702127659574,0
"650",0.159574468085106,-1.11702127659574,0
"651",0.265957446808511,-1.11702127659574,0
"652",0.372340425531915,-1.11702127659574,0
"653",0.478723404255319,-1.11702127659574,0
"654",0.585106382978724,-1.11702127659574,0
"655",0.691489361702128,-1.11702127659574,0
"656",0.797872340425532,-1.11702127659574,0
"657",0.904255319148936,-1.11702127659574,0
"658",1.01063829787234,-1.11702127659574,0
"659",1.11702127659574,-1.11702127659574,0
"660",1.22340425531915,-1.11702127659574,0
"661",1.32978723404255,-1.11702127659574,0
"662",1.43617021276596,-1.11702127659574,0
"663",1.54255319148936,-1.11702127659574,0
"664",1.64893617021277,-1.11702127659574,0
"665",1.75531914893617,-1.11702127659574,0
"666",1.86170212765957,-1.11702127659574,0
"667",1.96808510638298,-1.11702127659574,0
"668",2.07446808510638,-1.11702127659574,0
"669",2.18085106382979,-1.11702127659574,0
"670",2.28723404255319,-1.11702127659574,0
"671",2.3936170212766,-1.11702127659574,0
"672",2.5,-1.11702127659574,0
"673",-2.5,-1.01063829787234,0
"674",-2.3936170212766,-1.01063829787234,0
"675",-2.28723404255319,-1.01063829787234,0
"676",-2.18085106382979,-1.01063829787234,0
"677",-2.07446808510638,-1.01063829787234,0
"678",-1.96808510638298,-1.01063829787234,0
"679",-1.86170212765957,-1.01063829787234,0
"680",-1.75531914893617,-1.01063829787234,0
"681",-1.64893617021277,-1.01063829787234,0
"682",-1.54255319148936,-1.01063829787234,0
"683",-1.43617021276596,-1.01063829787234,0
"684",-1.32978723404255,-1.01063829787234,0
"685",-1.22340425531915,-1.01063829787234,0
"686",-1.11702127659574,-1.01063829787234,0
"687",-1.01063829787234,-1.01063829787234,0
"688",-0.904255319148936,-1.01063829787234,0
"689",-0.797872340425532,-1.01063829787234,0
"690",-0.691489361702128,-1.01063829787234,0
"691",-0.585106382978723,-1.01063829787234,0
"692",-0.478723404255319,-1.01063829787234,0
"693",-0.372340425531915,-1.01063829787234,0
"694",-0.26595744680851,-1.01063829787234,0
"695",-0.159574468085106,-1.01063829787234,0
"696",-0.0531914893617023,-1.01063829787234,0
"697",0.0531914893617023,-1.01063829787234,0
"698",0.159574468085106,-1.01063829787234,0
"699",0.265957446808511,-1.01063829787234,0
"700",0.372340425531915,-1.01063829787234,0
"701",0.478723404255319,-1.01063829787234,0
"702",0.585106382978724,-1.01063829787234,0
"703",0.691489361702128,-1.01063829787234,0
"704",0.797872340425532,-1.01063829787234,0
"705",0.904255319148936,-1.01063829787234,0
"706",1.01063829787234,-1.01063829787234,0
"707",1.11702127659574,-1.01063829787234,0
"708",1.22340425531915,-1.01063829787234,0
"709",1.32978723404255,-1.01063829787234,0
"710",1.43617021276596,-1.01063829787234,0
"711",1.54255319148936,-1.01063829787234,0
"712",1.64893617021277,-1.01063829787234,0
"713",1.75531914893617,-1.01063829787234,0
"714",1.86170212765957,-1.01063829787234,0
"715",1.96808510638298,-1.01063829787234,0
"716",2.07446808510638,-1.01063829787234,0
"717",2.18085106382979,-1.01063829787234,0
"718",2.28723404255319,-1.01063829787234,0
"719",2.3936170212766,-1.01063829787234,0
"720",2.5,-1.01063829787234,0
"721",-2.5,-0.904255319148936,0
"722",-2.3936170212766,-0.904255319148936,0
"723",-2.28723404255319,-0.904255319148936,0
"724",-2.18085106382979,-0.904255319148936,0
"725",-2.07446808510638,-0.904255319148936,0
"726",-1.96808510638298,-0.904255319148936,0
"727",-1.86170212765957,-0.904255319148936,0
"728",-1.75531914893617,-0.904255319148936,0
"729",-1.64893617021277,-0.904255319148936,0
"730",-1.54255319148936,-0.904255319148936,0
"731",-1.43617021276596,-0.904255319148936,0
"732",-1.32978723404255,-0.904255319148936,0
"733",-1.22340425531915,-0.904255319148936,0
"734",-1.11702127659574,-0.904255319148936,0
"735",-1.01063829787234,-0.904255319148936,0
"736",-0.904255319148936,-0.904255319148936,0
"737",-0.797872340425532,-0.904255319148936,0
"738",-0.691489361702128,-0.904255319148936,0
"739",-0.585106382978723,-0.904255319148936,0
"740",-0.478723404255319,-0.904255319148936,0
"741",-0.372340425531915,-0.904255319148936,0
"742",-0.26595744680851,-0.904255319148936,0
"743",-0.159574468085106,-0.904255319148936,0
"744",-0.0531914893617023,-0.904255319148936,0
"745",0.0531914893617023,-0.904255319148936,0
"746",0.159574468085106,-0.904255319148936,0
"747",0.265957446808511,-0.904255319148936,0
"748",0.372340425531915,-0.904255319148936,0
"749",0.478723404255319,-0.904255319148936,0
"750",0.585106382978724,-0.904255319148936,0
"751",0.691489361702128,-0.904255319148936,0
"752",0.797872340425532,-0.904255319148936,0
"753",0.904255319148936,-0.904255319148936,0
"754",1.01063829787234,-0.904255319148936,0
"755",1.11702127659574,-0.904255319148936,0
"756",1.22340425531915,-0.904255319148936,0
"757",1.32978723404255,-0.904255319148936,0
"758",1.43617021276596,-0.904255319148936,0
"759",1.54255319148936,-0.904255319148936,0
"760",1.64893617021277,-0.904255319148936,0
"761",1.75531914893617,-0.904255319148936,0
"762",1.86170212765957,-0.904255319148936,0
"763",1.96808510638298,-0.904255319148936,0
"764",2.07446808510638,-0.904255319148936,0
"765",2.18085106382979,-0.904255319148936,0
"766",2.28723404255319,-0.904255319148936,0
"767",2.3936170212766,-0.904255319148936,0
"768",2.5,-0.904255319148936,0
"769",-2.5,-0.797872340425532,0
"770",-2.3936170212766,-0.797872340425532,0
"771",-2.28723404255319,-0.797872340425532,0
"772",-2.18085106382979,-0.797872340425532,0
"773",-2.07446808510638,-0.797872340425532,0
"774",-1.96808510638298,-0.797872340425532,0
"775",-1.86170212765957,-0.797872340425532,0
"776",-1.75531914893617,-0.797872340425532,0
"777",-1.64893617021277,-0.797872340425532,0
"778",-1.54255319148936,-0.797872340425532,0
"779",-1.43617021276596,-0.797872340425532,0
"780",-1.32978723404255,-0.797872340425532,0
"781",-1.22340425531915,-0.797872340425532,0
"782",-1.11702127659574,-0.797872340425532,0
"783",-1.01063829787234,-0.797872340425532,0
"784",-0.904255319148936,-0.797872340425532,0
"785",-0.797872340425532,-0.797872340425532,0
"786",-0.691489361702128,-0.797872340425532,0
"787",-0.585106382978723,-0.797872340425532,0
"788",-0.478723404255319,-0.797872340425532,0
"789",-0.372340425531915,-0.797872340425532,0
"790",-0.26595744680851,-0.797872340425532,0
"791",-0.159574468085106,-0.797872340425532,0
"792",-0.0531914893617023,-0.797872340425532,0
"793",0.0531914893617023,-0.797872340425532,0
"794",0.159574468085106,-0.797872340425532,0
"795",0.265957446808511,-0.797872340425532,0
"796",0.372340425531915,-0.797872340425532,0
"797",0.478723404255319,-0.797872340425532,0
"798",0.585106382978724,-0.797872340425532,0
"799",0.691489361702128,-0.797872340425532,0
"800",0.797872340425532,-0.797872340425532,0
"801",0.904255319148936,-0.797872340425532,0
"802",1.01063829787234,-0.797872340425532,0
"803",1.11702127659574,-0.797872340425532,0
"804",1.22340425531915,-0.797872340425532,0
"805",1.32978723404255,-0.797872340425532,0
"806",1.43617021276596,-0.797872340425532,0
"807",1.54255319148936,-0.797872340425532,0
"808",1.64893617021277,-0.797872340425532,0
"809",1.75531914893617,-0.797872340425532,0
"810",1.86170212765957,-0.797872340425532,0
"811",1.96808510638298,-0.797872340425532,0
"812",2.07446808510638,-0.797872340425532,0
"813",2.18085106382979,-0.797872340425532,0
"814",2.28723404255319,-0.797872340425532,0
"815",2.3936170212766,-0.797872340425532,0
"816",2.5,-0.797872340425532,0
"817",-2.5,-0.691489361702128,0
"818",-2.3936170212766,-0.691489361702128,0
"819",-2.28723404255319,-0.691489361702128,0
"820",-2.18085106382979,-0.691489361702128,0
"821",-2.07446808510638,-0.691489361702128,0
"822",-1.96808510638298,-0.691489361702128,0
"823",-1.86170212765957,-0.691489361702128,0
"824",-1.75531914893617,-0.691489361702128,0
"825",-1.64893617021277,-0.691489361702128,0
"826",-1.54255319148936,-0.691489361702128,0
"827",-1.43617021276596,-0.691489361702128,0
"828",-1.32978723404255,-0.691489361702128,0
"829",-1.22340425531915,-0.691489361702128,0
"830",-1.11702127659574,-0.691489361702128,0
"831",-1.01063829787234,-0.691489361702128,0
"832",-0.904255319148936,-0.691489361702128,0
"833",-0.797872340425532,-0.691489361702128,0
"834",-0.691489361702128,-0.691489361702128,0
"835",-0.585106382978723,-0.691489361702128,0
"836",-0.478723404255319,-0.691489361702128,0
"837",-0.372340425531915,-0.691489361702128,0
"838",-0.26595744680851,-0.691489361702128,0
"839",-0.159574468085106,-0.691489361702128,0
"840",-0.0531914893617023,-0.691489361702128,0
"841",0.0531914893617023,-0.691489361702128,0
"842",0.159574468085106,-0.691489361702128,0
"843",0.265957446808511,-0.691489361702128,0
"844",0.372340425531915,-0.691489361702128,0
"845",0.478723404255319,-0.691489361702128,0
"846",0.585106382978724,-0.691489361702128,0
"847",0.691489361702128,-0.691489361702128,0
"848",0.797872340425532,-0.691489361702128,0
"849",0.904255319148936,-0.691489361702128,0
"850",1.01063829787234,-0.691489361702128,0
"851",1.11702127659574,-0.691489361702128,0
"852",1.22340425531915,-0.691489361702128,0
"853",1.32978723404255,-0.691489361702128,0
"854",1.43617021276596,-0.691489361702128,0
"855",1.54255319148936,-0.691489361702128,0
"856",1.64893617021277,-0.691489361702128,0
"857",1.75531914893617,-0.691489361702128,0
"858",1.86170212765957,-0.691489361702128,0
"859",1.96808510638298,-0.691489361702128,0
"860",2.07446808510638,-0.691489361702128,0
"861",2.18085106382979,-0.691489361702128,0
"862",2.28723404255319,-0.691489361702128,0
"863",2.3936170212766,-0.691489361702128,0
"864",2.5,-0.691489361702128,0
"865",-2.5,-0.585106382978723,0
"866",-2.3936170212766,-0.585106382978723,0
"867",-2.28723404255319,-0.585106382978723,0
"868",-2.18085106382979,-0.585106382978723,0
"869",-2.07446808510638,-0.585106382978723,0
"870",-1.96808510638298,-0.585106382978723,0
"871",-1.86170212765957,-0.585106382978723,0
"872",-1.75531914893617,-0.585106382978723,0
"873",-1.64893617021277,-0.585106382978723,0
"874",-1.54255319148936,-0.585106382978723,0
"875",-1.43617021276596,-0.585106382978723,0
"876",-1.32978723404255,-0.585106382978723,0
"877",-1.22340425531915,-0.585106382978723,0
"878",-1.11702127659574,-0.585106382978723,0
"879",-1.01063829787234,-0.585106382978723,0
"880",-0.904255319148936,-0.585106382978723,0
"881",-0.797872340425532,-0.585106382978723,0
"882",-0.691489361702128,-0.585106382978723,0
"883",-0.585106382978723,-0.585106382978723,0
"884",-0.478723404255319,-0.585106382978723,0
"885",-0.372340425531915,-0.585106382978723,0
"886",-0.26595744680851,-0.585106382978723,0
"887",-0.159574468085106,-0.585106382978723,0
"888",-0.0531914893617023,-0.585106382978723,0
"889",0.0531914893617023,-0.585106382978723,0
"890",0.159574468085106,-0.585106382978723,0
"891",0.265957446808511,-0.585106382978723,0
"892",0.372340425531915,-0.585106382978723,0
"893",0.478723404255319,-0.585106382978723,0
"894",0.585106382978724,-0.585106382978723,0
"895",0.691489361702128,-0.585106382978723,0
"896",0.797872340425532,-0.585106382978723,0
"897",0.904255319148936,-0.585106382978723,0
"898",1.01063829787234,-0.585106382978723,0
"899",1.11702127659574,-0.585106382978723,0
"900",1.22340425531915,-0.585106382978723,0
"901",1.32978723404255,-0.585106382978723,0
"902",1.43617021276596,-0.585106382978723,0
"903",1.54255319148936,-0.585106382978723,0
"904",1.64893617021277,-0.585106382978723,0
"905",1.75531914893617,-0.585106382978723,0
"906",1.86170212765957,-0.585106382978723,0
"907",1.96808510638298,-0.585106382978723,0
"908",2.07446808510638,-0.585106382978723,0
"909",2.18085106382979,-0.585106382978723,0
"910",2.28723404255319,-0.585106382978723,0
"911",2.3936170212766,-0.585106382978723,0
"912",2.5,-0.585106382978723,0
"913",-2.5,-0.478723404255319,0
"914",-2.3936170212766,-0.478723404255319,0
"915",-2.28723404255319,-0.478723404255319,0
"916",-2.18085106382979,-0.478723404255319,0
"917",-2.07446808510638,-0.478723404255319,0
"918",-1.96808510638298,-0.478723404255319,0
"919",-1.86170212765957,-0.478723404255319,0
"920",-1.75531914893617,-0.478723404255319,0
"921",-1.64893617021277,-0.478723404255319,0
"922",-1.54255319148936,-0.478723404255319,0
"923",-1.43617021276596,-0.478723404255319,0
"924",-1.32978723404255,-0.478723404255319,0
"925",-1.22340425531915,-0.478723404255319,0
"926",-1.11702127659574,-0.478723404255319,0
"927",-1.01063829787234,-0.478723404255319,0
"928",-0.904255319148936,-0.478723404255319,0
"929",-0.797872340425532,-0.478723404255319,0
"930",-0.691489361702128,-0.478723404255319,0
"931",-0.585106382978723,-0.478723404255319,0
"932",-0.478723404255319,-0.478723404255319,0
"933",-0.372340425531915,-0.478723404255319,0
"934",-0.26595744680851,-0.478723404255319,0
"935",-0.159574468085106,-0.478723404255319,0
"936",-0.0531914893617023,-0.478723404255319,0
"937",0.0531914893617023,-0.478723404255319,0
"938",0.159574468085106,-0.478723404255319,0
"939",0.265957446808511,-0.478723404255319,0
"940",0.372340425531915,-0.478723404255319,0
"941",0.478723404255319,-0.478723404255319,0
"942",0.585106382978724,-0.478723404255319,0
"943",0.691489361702128,-0.478723404255319,0
"944",0.797872340425532,-0.478723404255319,0
"945",0.904255319148936,-0.478723404255319,0
"946",1.01063829787234,-0.478723404255319,0
"947",1.11702127659574,-0.478723404255319,0
"948",1.22340425531915,-0.478723404255319,0
"949",1.32978723404255,-0.478723404255319,0
"950",1.43617021276596,-0.478723404255319,0
"951",1.54255319148936,-0.478723404255319,0
"952",1.64893617021277,-0.478723404255319,0
"953",1.75531914893617,-0.478723404255319,0
"954",1.86170212765957,-0.478723404255319,0
"955",1.96808510638298,-0.478723404255319,0
"956",2.07446808510638,-0.478723404255319,0
"957",2.18085106382979,-0.478723404255319,0
"958",2.28723404255319,-0.478723404255319,0
"959",2.3936170212766,-0.478723404255319,0
"960",2.5,-0.478723404255319,0
"961",-2.5,-0.372340425531915,0
"962",-2.3936170212766,-0.372340425531915,0
"963",-2.28723404255319,-0.372340425531915,0
"964",-2.18085106382979,-0.372340425531915,0
"965",-2.07446808510638,-0.372340425531915,0
"966",-1.96808510638298,-0.372340425531915,0
"967",-1.86170212765957,-0.372340425531915,0
"968",-1.75531914893617,-0.372340425531915,0
"969",-1.64893617021277,-0.372340425531915,0
"970",-1.54255319148936,-0.372340425531915,0
"971",-1.43617021276596,-0.372340425531915,0
"972",-1.32978723404255,-0.372340425531915,0
"973",-1.22340425531915,-0.372340425531915,0
"974",-1.11702127659574,-0.372340425531915,0
"975",-1.01063829787234,-0.372340425531915,0
"976",-0.904255319148936,-0.372340425531915,0
"977",-0.797872340425532,-0.372340425531915,0
"978",-0.691489361702128,-0.372340425531915,0
"979",-0.585106382978723,-0.372340425531915,0
"980",-0.478723404255319,-0.372340425531915,0
"981",-0.372340425531915,-0.372340425531915,0
"982",-0.26595744680851,-0.372340425531915,0
"983",-0.159574468085106,-0.372340425531915,0
"984",-0.0531914893617023,-0.372340425531915,0
"985",0.0531914893617023,-0.372340425531915,0
"986",0.159574468085106,-0.372340425531915,0
"987",0.265957446808511,-0.372340425531915,0
"988",0.372340425531915,-0.372340425531915,0
"989",0.478723404255319,-0.372340425531915,0
"990",0.585106382978724,-0.372340425531915,0
"991",0.691489361702128,-0.372340425531915,0
"992",0.797872340425532,-0.372340425531915,0
"993",0.904255319148936,-0.372340425531915,0
"994",1.01063829787234,-0.372340425531915,0
"995",1.11702127659574,-0.372340425531915,0
"996",1.22340425531915,-0.372340425531915,0
"997",1.32978723404255,-0.372340425531915,0
"998",1.43617021276596,-0.372340425531915,0
"999",1.54255319148936,-0.372340425531915,0
"1000",1.64893617021277,-0.372340425531915,0
"1001",1.75531914893617,-0.372340425531915,0
"1002",1.86170212765957,-0.372340425531915,0
"1003",1.96808510638298,-0.372340425531915,0
"1004",2.07446808510638,-0.372340425531915,0
"1005",2.18085106382979,-0.372340425531915,0
"1006",2.28723404255319,-0.372340425531915,0
"1007",2.3936170212766,-0.372340425531915,0
"1008",2.5,-0.372340425531915,0
"1009",-2.5,-0.26595744680851,0
"1010",-2.3936170212766,-0.26595744680851,0
"1011",-2.28723404255319,-0.26595744680851,0
"1012",-2.18085106382979,-0.26595744680851,0
"1013",-2.07446808510638,-0.26595744680851,0
"1014",-1.96808510638298,-0.26595744680851,0
"1015",-1.86170212765957,-0.26595744680851,0
"1016",-1.75531914893617,-0.26595744680851,0
"1017",-1.64893617021277,-0.26595744680851,0
"1018",-1.54255319148936,-0.26595744680851,0
"1019",-1.43617021276596,-0.26595744680851,0
"1020",-1.32978723404255,-0.26595744680851,0
"1021",-1.22340425531915,-0.26595744680851,0
"1022",-1.11702127659574,-0.26595744680851,0
"1023",-1.01063829787234,-0.26595744680851,0
"1024",-0.904255319148936,-0.26595744680851,0
"1025",-0.797872340425532,-0.26595744680851,0
"1026",-0.691489361702128,-0.26595744680851,0
"1027",-0.585106382978723,-0.26595744680851,0
"1028",-0.478723404255319,-0.26595744680851,0
"1029",-0.372340425531915,-0.26595744680851,0
"1030",-0.26595744680851,-0.26595744680851,0
"1031",-0.159574468085106,-0.26595744680851,0
"1032",-0.0531914893617023,-0.26595744680851,0
"1033",0.0531914893617023,-0.26595744680851,0
"1034",0.159574468085106,-0.26595744680851,0
"1035",0.265957446808511,-0.26595744680851,0
"1036",0.372340425531915,-0.26595744680851,0
"1037",0.478723404255319,-0.26595744680851,0
"1038",0.585106382978724,-0.26595744680851,0
"1039",0.691489361702128,-0.26595744680851,0
"1040",0.797872340425532,-0.26595744680851,0
"1041",0.904255319148936,-0.26595744680851,0
"1042",1.01063829787234,-0.26595744680851,0
"1043",1.11702127659574,-0.26595744680851,0
"1044",1.22340425531915,-0.26595744680851,0
"1045",1.32978723404255,-0.26595744680851,0
"1046",1.43617021276596,-0.26595744680851,0
"1047",1.54255319148936,-0.26595744680851,0
"1048",1.64893617021277,-0.26595744680851,0
"1049",1.75531914893617,-0.26595744680851,0
"1050",1.86170212765957,-0.26595744680851,0
"1051",1.96808510638298,-0.26595744680851,0
"1052",2.07446808510638,-0.26595744680851,0
"1053",2.18085106382979,-0.26595744680851,0
"1054",2.28723404255319,-0.26595744680851,0
"1055",2.3936170212766,-0.26595744680851,0
"1056",2.5,-0.26595744680851,0
"1057",-2.5,-0.159574468085106,0
"1058",-2.3936170212766,-0.159574468085106,0
"1059",-2.28723404255319,-0.159574468085106,0
"1060",-2.18085106382979,-0.159574468085106,0
"1061",-2.07446808510638,-0.159574468085106,0
"1062",-1.96808510638298,-0.159574468085106,0
"1063",-1.86170212765957,-0.159574468085106,0
"1064",-1.75531914893617,-0.159574468085106,0
"1065",-1.64893617021277,-0.159574468085106,0
"1066",-1.54255319148936,-0.159574468085106,0
"1067",-1.43617021276596,-0.159574468085106,0
"1068",-1.32978723404255,-0.159574468085106,0
"1069",-1.22340425531915,-0.159574468085106,0
"1070",-1.11702127659574,-0.159574468085106,0
"1071",-1.01063829787234,-0.159574468085106,0
"1072",-0.904255319148936,-0.159574468085106,0
"1073",-0.797872340425532,-0.159574468085106,0
"1074",-0.691489361702128,-0.159574468085106,0
"1075",-0.585106382978723,-0.159574468085106,0
"1076",-0.478723404255319,-0.159574468085106,0
"1077",-0.372340425531915,-0.159574468085106,0
"1078",-0.26595744680851,-0.159574468085106,0
"1079",-0.159574468085106,-0.159574468085106,0
"1080",-0.0531914893617023,-0.159574468085106,0
"1081",0.0531914893617023,-0.159574468085106,0
"1082",0.159574468085106,-0.159574468085106,0
"1083",0.265957446808511,-0.159574468085106,0
"1084",0.372340425531915,-0.159574468085106,0
"1085",0.478723404255319,-0.159574468085106,0
"1086",0.585106382978724,-0.159574468085106,0
"1087",0.691489361702128,-0.159574468085106,0
"1088",0.797872340425532,-0.159574468085106,0
"1089",0.904255319148936,-0.159574468085106,0
"1090",1.01063829787234,-0.159574468085106,0
"1091",1.11702127659574,-0.159574468085106,0
"1092",1.22340425531915,-0.159574468085106,0
"1093",1.32978723404255,-0.159574468085106,0
"1094",1.43617021276596,-0.159574468085106,0
"1095",1.54255319148936,-0.159574468085106,0
"1096",1.64893617021277,-0.159574468085106,0
"1097",1.75531914893617,-0.159574468085106,0
"1098",1.86170212765957,-0.159574468085106,0
"1099",1.96808510638298,-0.159574468085106,0
"1100",2.07446808510638,-0.159574468085106,0
"1101",2.18085106382979,-0.159574468085106,0
"1102",2.28723404255319,-0.159574468085106,0
"1103",2.3936170212766,-0.159574468085106,0
"1104",2.5,-0.159574468085106,0
"1105",-2.5,-0.0531914893617023,0
"1106",-2.3936170212766,-0.0531914893617023,0
"1107",-2.28723404255319,-0.0531914893617023,0
"1108",-2.18085106382979,-0.0531914893617023,0
"1109",-2.07446808510638,-0.0531914893617023,0
"1110",-1.96808510638298,-0.0531914893617023,0
"1111",-1.86170212765957,-0.0531914893617023,0
"1112",-1.75531914893617,-0.0531914893617023,0
"1113",-1.64893617021277,-0.0531914893617023,0
"1114",-1.54255319148936,-0.0531914893617023,0
"1115",-1.43617021276596,-0.0531914893617023,0
"1116",-1.32978723404255,-0.0531914893617023,0
"1117",-1.22340425531915,-0.0531914893617023,0
"1118",-1.11702127659574,-0.0531914893617023,0
"1119",-1.01063829787234,-0.0531914893617023,0
"1120",-0.904255319148936,-0.0531914893617023,0
"1121",-0.797872340425532,-0.0531914893617023,0
"1122",-0.691489361702128,-0.0531914893617023,0
"1123",-0.585106382978723,-0.0531914893617023,0
"1124",-0.478723404255319,-0.0531914893617023,0
"1125",-0.372340425531915,-0.0531914893617023,0
"1126",-0.26595744680851,-0.0531914893617023,0
"1127",-0.159574468085106,-0.0531914893617023,0
"1128",-0.0531914893617023,-0.0531914893617023,0
"1129",0.0531914893617023,-0.0531914893617023,0
"1130",0.159574468085106,-0.0531914893617023,0
"1131",0.265957446808511,-0.0531914893617023,0
"1132",0.372340425531915,-0.0531914893617023,0
"1133",0.478723404255319,-0.0531914893617023,0
"1134",0.585106382978724,-0.0531914893617023,0
"1135",0.691489361702128,-0.0531914893617023,0
"1136",0.797872340425532,-0.0531914893617023,0
"1137",0.904255319148936,-0.0531914893617023,0
"1138",1.01063829787234,-0.0531914893617023,0
"1139",1.11702127659574,-0.0531914893617023,0
"1140",1.22340425531915,-0.0531914893617023,0
"1141",1.32978723404255,-0.0531914893617023,0
"1142",1.43617021276596,-0.0531914893617023,0
"1143",1.54255319148936,-0.0531914893617023,0
"1144",1.64893617021277,-0.0531914893617023,0
"1145",1.75531914893617,-0.0531914893617023,0
"1146",1.86170212765957,-0.0531914893617023,0
"1147",1.96808510638298,-0.0531914893617023,0
"1148",2.07446808510638,-0.0531914893617023,0
"1149",2.18085106382979,-0.0531914893617023,0
"1150",2.28723404255319,-0.0531914893617023,0
"1151",2.3936170212766,-0.0531914893617023,0
"1152",2.5,-0.0531914893617023,0
"1153",-2.5,0.0531914893617023,0
"1154",-2.3936170212766,0.0531914893617023,0
"1155",-2.28723404255319,0.0531914893617023,0
"1156",-2.18085106382979,0.0531914893617023,0
"1157",-2.07446808510638,0.0531914893617023,0
"1158",-1.96808510638298,0.0531914893617023,0
"1159",-1.86170212765957,0.0531914893617023,0
"1160",-1.75531914893617,0.0531914893617023,0
"1161",-1.64893617021277,0.0531914893617023,0
"1162",-1.54255319148936,0.0531914893617023,0
"1163",-1.43617021276596,0.0531914893617023,0
"1164",-1.32978723404255,0.0531914893617023,0
"1165",-1.22340425531915,0.0531914893617023,0
"1166",-1.11702127659574,0.0531914893617023,0
"1167",-1.01063829787234,0.0531914893617023,0
"1168",-0.904255319148936,0.0531914893617023,0
"1169",-0.797872340425532,0.0531914893617023,0
"1170",-0.691489361702128,0.0531914893617023,0
"1171",-0.585106382978723,0.0531914893617023,0
"1172",-0.478723404255319,0.0531914893617023,0
"1173",-0.372340425531915,0.0531914893617023,0
"1174",-0.26595744680851,0.0531914893617023,0
"1175",-0.159574468085106,0.0531914893617023,0
"1176",-0.0531914893617023,0.0531914893617023,0
"1177",0.0531914893617023,0.0531914893617023,0
"1178",0.159574468085106,0.0531914893617023,0
"1179",0.265957446808511,0.0531914893617023,0
"1180",0.372340425531915,0.0531914893617023,0
"1181",0.478723404255319,0.0531914893617023,0
"1182",0.585106382978724,0.0531914893617023,0
"1183",0.691489361702128,0.0531914893617023,0
"1184",0.797872340425532,0.0531914893617023,0
"1185",0.904255319148936,0.0531914893617023,0
"1186",1.01063829787234,0.0531914893617023,0
"1187",1.11702127659574,0.0531914893617023,0
"1188",1.22340425531915,0.0531914893617023,0
"1189",1.32978723404255,0.0531914893617023,0
"1190",1.43617021276596,0.0531914893617023,0
"1191",1.54255319148936,0.0531914893617023,0
"1192",1.64893617021277,0.0531914893617023,0
"1193",1.75531914893617,0.0531914893617023,0
"1194",1.86170212765957,0.0531914893617023,0
"1195",1.96808510638298,0.0531914893617023,0
"1196",2.07446808510638,0.0531914893617023,0
"1197",2.18085106382979,0.0531914893617023,0
"1198",2.28723404255319,0.0531914893617023,0
"1199",2.3936170212766,0.0531914893617023,0
"1200",2.5,0.0531914893617023,0
"1201",-2.5,0.159574468085106,0
"1202",-2.3936170212766,0.159574468085106,0
"1203",-2.28723404255319,0.159574468085106,0
"1204",-2.18085106382979,0.159574468085106,0
"1205",-2.07446808510638,0.159574468085106,0
"1206",-1.96808510638298,0.159574468085106,0
"1207",-1.86170212765957,0.159574468085106,0
"1208",-1.75531914893617,0.159574468085106,0
"1209",-1.64893617021277,0.159574468085106,0
"1210",-1.54255319148936,0.159574468085106,0
"1211",-1.43617021276596,0.159574468085106,0
"1212",-1.32978723404255,0.159574468085106,0
"1213",-1.22340425531915,0.159574468085106,0
"1214",-1.11702127659574,0.159574468085106,0
"1215",-1.01063829787234,0.159574468085106,0
"1216",-0.904255319148936,0.159574468085106,0
"1217",-0.797872340425532,0.159574468085106,0
"1218",-0.691489361702128,0.159574468085106,0
"1219",-0.585106382978723,0.159574468085106,0
"1220",-0.478723404255319,0.159574468085106,0
"1221",-0.372340425531915,0.159574468085106,0
"1222",-0.26595744680851,0.159574468085106,0
"1223",-0.159574468085106,0.159574468085106,0
"1224",-0.0531914893617023,0.159574468085106,0
"1225",0.0531914893617023,0.159574468085106,0
"1226",0.159574468085106,0.159574468085106,0
"1227",0.265957446808511,0.159574468085106,0
"1228",0.372340425531915,0.159574468085106,0
"1229",0.478723404255319,0.159574468085106,0
"1230",0.585106382978724,0.159574468085106,0
"1231",0.691489361702128,0.159574468085106,0
"1232",0.797872340425532,0.159574468085106,0
"1233",0.904255319148936,0.159574468085106,0
"1234",1.01063829787234,0.159574468085106,0
"1235",1.11702127659574,0.159574468085106,0
"1236",1.22340425531915,0.159574468085106,0
"1237",1.32978723404255,0.159574468085106,0
"1238",1.43617021276596,0.159574468085106,0
"1239",1.54255319148936,0.159574468085106,0
"1240",1.64893617021277,0.159574468085106,0
"1241",1.75531914893617,0.159574468085106,0
"1242",1.86170212765957,0.159574468085106,0
"1243",1.96808510638298,0.159574468085106,0
"1244",2.07446808510638,0.159574468085106,0
"1245",2.18085106382979,0.159574468085106,0
"1246",2.28723404255319,0.159574468085106,0
"1247",2.3936170212766,0.159574468085106,0
"1248",2.5,0.159574468085106,0
"1249",-2.5,0.265957446808511,0
"1250",-2.3936170212766,0.265957446808511,0
"1251",-2.28723404255319,0.265957446808511,0
"1252",-2.18085106382979,0.265957446808511,0
"1253",-2.07446808510638,0.265957446808511,0
"1254",-1.96808510638298,0.265957446808511,0
"1255",-1.86170212765957,0.265957446808511,0
"1256",-1.75531914893617,0.265957446808511,0
"1257",-1.64893617021277,0.265957446808511,0
"1258",-1.54255319148936,0.265957446808511,0
"1259",-1.43617021276596,0.265957446808511,0
"1260",-1.32978723404255,0.265957446808511,0
"1261",-1.22340425531915,0.265957446808511,0
"1262",-1.11702127659574,0.265957446808511,0
"1263",-1.01063829787234,0.265957446808511,0
"1264",-0.904255319148936,0.265957446808511,0
"1265",-0.797872340425532,0.265957446808511,0
"1266",-0.691489361702128,0.265957446808511,0
"1267",-0.585106382978723,0.265957446808511,0
"1268",-0.478723404255319,0.265957446808511,0
"1269",-0.372340425531915,0.265957446808511,0
"1270",-0.26595744680851,0.265957446808511,0
"1271",-0.159574468085106,0.265957446808511,0
"1272",-0.0531914893617023,0.265957446808511,0
"1273",0.0531914893617023,0.265957446808511,0
"1274",0.159574468085106,0.265957446808511,0
"1275",0.265957446808511,0.265957446808511,0
"1276",0.372340425531915,0.265957446808511,0
"1277",0.478723404255319,0.265957446808511,0
"1278",0.585106382978724,0.265957446808511,0
"1279",0.691489361702128,0.265957446808511,0
"1280",0.797872340425532,0.265957446808511,0
"1281",0.904255319148936,0.265957446808511,0
"1282",1.01063829787234,0.265957446808511,0
"1283",1.11702127659574,0.265957446808511,0
"1284",1.22340425531915,0.265957446808511,0
"1285",1.32978723404255,0.265957446808511,0
"1286",1.43617021276596,0.265957446808511,0
"1287",1.54255319148936,0.265957446808511,0
"1288",1.64893617021277,0.265957446808511,0
"1289",1.75531914893617,0.265957446808511,0
"1290",1.86170212765957,0.265957446808511,0
"1291",1.96808510638298,0.265957446808511,0
"1292",2.07446808510638,0.265957446808511,0
"1293",2.18085106382979,0.265957446808511,0
"1294",2.28723404255319,0.265957446808511,0
"1295",2.3936170212766,0.265957446808511,0
"1296",2.5,0.265957446808511,0
"1297",-2.5,0.372340425531915,0
"1298",-2.3936170212766,0.372340425531915,0
"1299",-2.28723404255319,0.372340425531915,0
"1300",-2.18085106382979,0.372340425531915,0
"1301",-2.07446808510638,0.372340425531915,0
"1302",-1.96808510638298,0.372340425531915,0
"1303",-1.86170212765957,0.372340425531915,0
"1304",-1.75531914893617,0.372340425531915,0
"1305",-1.64893617021277,0.372340425531915,0
"1306",-1.54255319148936,0.372340425531915,0
"1307",-1.43617021276596,0.372340425531915,0
"1308",-1.32978723404255,0.372340425531915,0
"1309",-1.22340425531915,0.372340425531915,0
"1310",-1.11702127659574,0.372340425531915,0
"1311",-1.01063829787234,0.372340425531915,0
"1312",-0.904255319148936,0.372340425531915,0
"1313",-0.797872340425532,0.372340425531915,0
"1314",-0.691489361702128,0.372340425531915,0
"1315",-0.585106382978723,0.372340425531915,0
"1316",-0.478723404255319,0.372340425531915,0
"1317",-0.372340425531915,0.372340425531915,0
"1318",-0.26595744680851,0.372340425531915,0
"1319",-0.159574468085106,0.372340425531915,0
"1320",-0.0531914893617023,0.372340425531915,0
"1321",0.0531914893617023,0.372340425531915,0
"1322",0.159574468085106,0.372340425531915,0
"1323",0.265957446808511,0.372340425531915,0
"1324",0.372340425531915,0.372340425531915,0
"1325",0.478723404255319,0.372340425531915,0
"1326",0.585106382978724,0.372340425531915,0
"1327",0.691489361702128,0.372340425531915,0
"1328",0.797872340425532,0.372340425531915,0
"1329",0.904255319148936,0.372340425531915,0
"1330",1.01063829787234,0.372340425531915,0
"1331",1.11702127659574,0.372340425531915,0
"1332",1.22340425531915,0.372340425531915,0
"1333",1.32978723404255,0.372340425531915,0
"1334",1.43617021276596,0.372340425531915,0
"1335",1.54255319148936,0.372340425531915,0
"1336",1.64893617021277,0.372340425531915,0
"1337",1.75531914893617,0.372340425531915,0
"1338",1.86170212765957,0.372340425531915,0
"1339",1.96808510638298,0.372340425531915,0
"1340",2.07446808510638,0.372340425531915,0
"1341",2.18085106382979,0.372340425531915,0
"1342",2.28723404255319,0.372340425531915,0
"1343",2.3936170212766,0.372340425531915,0
"1344",2.5,0.372340425531915,0
"1345",-2.5,0.478723404255319,0
"1346",-2.3936170212766,0.478723404255319,0
"1347",-2.28723404255319,0.478723404255319,0
"1348",-2.18085106382979,0.478723404255319,0
"1349",-2.07446808510638,0.478723404255319,0
"1350",-1.96808510638298,0.478723404255319,0
"1351",-1.86170212765957,0.478723404255319,0
"1352",-1.75531914893617,0.478723404255319,0
"1353",-1.64893617021277,0.478723404255319,0
"1354",-1.54255319148936,0.478723404255319,0
"1355",-1.43617021276596,0.478723404255319,0
"1356",-1.32978723404255,0.478723404255319,0
"1357",-1.22340425531915,0.478723404255319,0
"1358",-1.11702127659574,0.478723404255319,0
"1359",-1.01063829787234,0.478723404255319,0
"1360",-0.904255319148936,0.478723404255319,0
"1361",-0.797872340425532,0.478723404255319,0
"1362",-0.691489361702128,0.478723404255319,0
"1363",-0.585106382978723,0.478723404255319,0
"1364",-0.478723404255319,0.478723404255319,0
"1365",-0.372340425531915,0.478723404255319,0
"1366",-0.26595744680851,0.478723404255319,0
"1367",-0.159574468085106,0.478723404255319,0
"1368",-0.0531914893617023,0.478723404255319,0
"1369",0.0531914893617023,0.478723404255319,0
"1370",0.159574468085106,0.478723404255319,0
"1371",0.265957446808511,0.478723404255319,0
"1372",0.372340425531915,0.478723404255319,0
"1373",0.478723404255319,0.478723404255319,0
"1374",0.585106382978724,0.478723404255319,0
"1375",0.691489361702128,0.478723404255319,0
"1376",0.797872340425532,0.478723404255319,0
"1377",0.904255319148936,0.478723404255319,0
"1378",1.01063829787234,0.478723404255319,0
"1379",1.11702127659574,0.478723404255319,0
"1380",1.22340425531915,0.478723404255319,0
"1381",1.32978723404255,0.478723404255319,0
"1382",1.43617021276596,0.478723404255319,0
"1383",1.54255319148936,0.478723404255319,0
"1384",1.64893617021277,0.478723404255319,0
"1385",1.75531914893617,0.478723404255319,0
"1386",1.86170212765957,0.478723404255319,0
"1387",1.96808510638298,0.478723404255319,0
"1388",2.07446808510638,0.478723404255319,0
"1389",2.18085106382979,0.478723404255319,0
"1390",2.28723404255319,0.478723404255319,0
"1391",2.3936170212766,0.478723404255319,0
"1392",2.5,0.478723404255319,0
"1393",-2.5,0.585106382978724,0
"1394",-2.3936170212766,0.585106382978724,0
"1395",-2.28723404255319,0.585106382978724,0
"1396",-2.18085106382979,0.585106382978724,0
"1397",-2.07446808510638,0.585106382978724,0
"1398",-1.96808510638298,0.585106382978724,0
"1399",-1.86170212765957,0.585106382978724,0
"1400",-1.75531914893617,0.585106382978724,0
"1401",-1.64893617021277,0.585106382978724,0
"1402",-1.54255319148936,0.585106382978724,0
"1403",-1.43617021276596,0.585106382978724,0
"1404",-1.32978723404255,0.585106382978724,0
"1405",-1.22340425531915,0.585106382978724,0
"1406",-1.11702127659574,0.585106382978724,0
"1407",-1.01063829787234,0.585106382978724,0
"1408",-0.904255319148936,0.585106382978724,0
"1409",-0.797872340425532,0.585106382978724,0
"1410",-0.691489361702128,0.585106382978724,0
"1411",-0.585106382978723,0.585106382978724,0
"1412",-0.478723404255319,0.585106382978724,0
"1413",-0.372340425531915,0.585106382978724,0
"1414",-0.26595744680851,0.585106382978724,0
"1415",-0.159574468085106,0.585106382978724,0
"1416",-0.0531914893617023,0.585106382978724,0
"1417",0.0531914893617023,0.585106382978724,0
"1418",0.159574468085106,0.585106382978724,0
"1419",0.265957446808511,0.585106382978724,0
"1420",0.372340425531915,0.585106382978724,0
"1421",0.478723404255319,0.585106382978724,0
"1422",0.585106382978724,0.585106382978724,0
"1423",0.691489361702128,0.585106382978724,0
"1424",0.797872340425532,0.585106382978724,0
"1425",0.904255319148936,0.585106382978724,0
"1426",1.01063829787234,0.585106382978724,0
"1427",1.11702127659574,0.585106382978724,0
"1428",1.22340425531915,0.585106382978724,0
"1429",1.32978723404255,0.585106382978724,0
"1430",1.43617021276596,0.585106382978724,0
"1431",1.54255319148936,0.585106382978724,0
"1432",1.64893617021277,0.585106382978724,0
"1433",1.75531914893617,0.585106382978724,0
"1434",1.86170212765957,0.585106382978724,0
"1435",1.96808510638298,0.585106382978724,0
"1436",2.07446808510638,0.585106382978724,0
"1437",2.18085106382979,0.585106382978724,0
"1438",2.28723404255319,0.585106382978724,0
"1439",2.3936170212766,0.585106382978724,0
"1440",2.5,0.585106382978724,0
"1441",-2.5,0.691489361702128,0
"1442",-2.3936170212766,0.691489361702128,0
"1443",-2.28723404255319,0.691489361702128,0
"1444",-2.18085106382979,0.691489361702128,0
"1445",-2.07446808510638,0.691489361702128,0
"1446",-1.96808510638298,0.691489361702128,0
"1447",-1.86170212765957,0.691489361702128,0
"1448",-1.75531914893617,0.691489361702128,0
"1449",-1.64893617021277,0.691489361702128,0
"1450",-1.54255319148936,0.691489361702128,0
"1451",-1.43617021276596,0.691489361702128,0
"1452",-1.32978723404255,0.691489361702128,0
"1453",-1.22340425531915,0.691489361702128,0
"1454",-1.11702127659574,0.691489361702128,0
"1455",-1.01063829787234,0.691489361702128,0
"1456",-0.904255319148936,0.691489361702128,0
"1457",-0.797872340425532,0.691489361702128,0
"1458",-0.691489361702128,0.691489361702128,0
"1459",-0.585106382978723,0.691489361702128,0
"1460",-0.478723404255319,0.691489361702128,0
"1461",-0.372340425531915,0.691489361702128,0
"1462",-0.26595744680851,0.691489361702128,0
"1463",-0.159574468085106,0.691489361702128,0
"1464",-0.0531914893617023,0.691489361702128,0
"1465",0.0531914893617023,0.691489361702128,0
"1466",0.159574468085106,0.691489361702128,0
"1467",0.265957446808511,0.691489361702128,0
"1468",0.372340425531915,0.691489361702128,0
"1469",0.478723404255319,0.691489361702128,0
"1470",0.585106382978724,0.691489361702128,0
"1471",0.691489361702128,0.691489361702128,0
"1472",0.797872340425532,0.691489361702128,0
"1473",0.904255319148936,0.691489361702128,0
"1474",1.01063829787234,0.691489361702128,0
"1475",1.11702127659574,0.691489361702128,0
"1476",1.22340425531915,0.691489361702128,0
"1477",1.32978723404255,0.691489361702128,0
"1478",1.43617021276596,0.691489361702128,0
"1479",1.54255319148936,0.691489361702128,0
"1480",1.64893617021277,0.691489361702128,0
"1481",1.75531914893617,0.691489361702128,0
"1482",1.86170212765957,0.691489361702128,0
"1483",1.96808510638298,0.691489361702128,0
"1484",2.07446808510638,0.691489361702128,0
"1485",2.18085106382979,0.691489361702128,0
"1486",2.28723404255319,0.691489361702128,0
"1487",2.3936170212766,0.691489361702128,0
"1488",2.5,0.691489361702128,0
"1489",-2.5,0.797872340425532,0
"1490",-2.3936170212766,0.797872340425532,0
"1491",-2.28723404255319,0.797872340425532,0
"1492",-2.18085106382979,0.797872340425532,0
"1493",-2.07446808510638,0.797872340425532,0
"1494",-1.96808510638298,0.797872340425532,0
"1495",-1.86170212765957,0.797872340425532,0
"1496",-1.75531914893617,0.797872340425532,0
"1497",-1.64893617021277,0.797872340425532,0
"1498",-1.54255319148936,0.797872340425532,0
"1499",-1.43617021276596,0.797872340425532,0
"1500",-1.32978723404255,0.797872340425532,0
"1501",-1.22340425531915,0.797872340425532,0
"1502",-1.11702127659574,0.797872340425532,0
"1503",-1.01063829787234,0.797872340425532,0
"1504",-0.904255319148936,0.797872340425532,0
"1505",-0.797872340425532,0.797872340425532,0
"1506",-0.691489361702128,0.797872340425532,0
"1507",-0.585106382978723,0.797872340425532,0
"1508",-0.478723404255319,0.797872340425532,0
"1509",-0.372340425531915,0.797872340425532,0
"1510",-0.26595744680851,0.797872340425532,0
"1511",-0.159574468085106,0.797872340425532,0
"1512",-0.0531914893617023,0.797872340425532,0
"1513",0.0531914893617023,0.797872340425532,0
"1514",0.159574468085106,0.797872340425532,0
"1515",0.265957446808511,0.797872340425532,0
"1516",0.372340425531915,0.797872340425532,0
"1517",0.478723404255319,0.797872340425532,0
"1518",0.585106382978724,0.797872340425532,0
"1519",0.691489361702128,0.797872340425532,0
"1520",0.797872340425532,0.797872340425532,0
"1521",0.904255319148936,0.797872340425532,0
"1522",1.01063829787234,0.797872340425532,0
"1523",1.11702127659574,0.797872340425532,0
"1524",1.22340425531915,0.797872340425532,0
"1525",1.32978723404255,0.797872340425532,0
"1526",1.43617021276596,0.797872340425532,0
"1527",1.54255319148936,0.797872340425532,0
"1528",1.64893617021277,0.797872340425532,0
"1529",1.75531914893617,0.797872340425532,0
"1530",1.86170212765957,0.797872340425532,0
"1531",1.96808510638298,0.797872340425532,0
"1532",2.07446808510638,0.797872340425532,0
"1533",2.18085106382979,0.797872340425532,0
"1534",2.28723404255319,0.797872340425532,0
"1535",2.3936170212766,0.797872340425532,0
"1536",2.5,0.797872340425532,0
"1537",-2.5,0.904255319148936,0
"1538",-2.3936170212766,0.904255319148936,0
"1539",-2.28723404255319,0.904255319148936,0
"1540",-2.18085106382979,0.904255319148936,0
"1541",-2.07446808510638,0.904255319148936,0
"1542",-1.96808510638298,0.904255319148936,0
"1543",-1.86170212765957,0.904255319148936,0
"1544",-1.75531914893617,0.904255319148936,0
"1545",-1.64893617021277,0.904255319148936,0
"1546",-1.54255319148936,0.904255319148936,0
"1547",-1.43617021276596,0.904255319148936,0
"1548",-1.32978723404255,0.904255319148936,0
"1549",-1.22340425531915,0.904255319148936,0
"1550",-1.11702127659574,0.904255319148936,0
"1551",-1.01063829787234,0.904255319148936,0
"1552",-0.904255319148936,0.904255319148936,0
"1553",-0.797872340425532,0.904255319148936,0
"1554",-0.691489361702128,0.904255319148936,0
"1555",-0.585106382978723,0.904255319148936,0
"1556",-0.478723404255319,0.904255319148936,0
"1557",-0.372340425531915,0.904255319148936,0
"1558",-0.26595744680851,0.904255319148936,0
"1559",-0.159574468085106,0.904255319148936,0
"1560",-0.0531914893617023,0.904255319148936,0
"1561",0.0531914893617023,0.904255319148936,0
"1562",0.159574468085106,0.904255319148936,0
"1563",0.265957446808511,0.904255319148936,0
"1564",0.372340425531915,0.904255319148936,0
"1565",0.478723404255319,0.904255319148936,0
"1566",0.585106382978724,0.904255319148936,0
"1567",0.691489361702128,0.904255319148936,0
"1568",0.797872340425532,0.904255319148936,0
"1569",0.904255319148936,0.904255319148936,0
"1570",1.01063829787234,0.904255319148936,0
"1571",1.11702127659574,0.904255319148936,0
"1572",1.22340425531915,0.904255319148936,0
"1573",1.32978723404255,0.904255319148936,0
"1574",1.43617021276596,0.904255319148936,0
"1575",1.54255319148936,0.904255319148936,0
"1576",1.64893617021277,0.904255319148936,0
"1577",1.75531914893617,0.904255319148936,0
"1578",1.86170212765957,0.904255319148936,0
"1579",1.96808510638298,0.904255319148936,0
"1580",2.07446808510638,0.904255319148936,0
"1581",2.18085106382979,0.904255319148936,0
"1582",2.28723404255319,0.904255319148936,0
"1583",2.3936170212766,0.904255319148936,0
"1584",2.5,0.904255319148936,0
"1585",-2.5,1.01063829787234,0
"1586",-2.3936170212766,1.01063829787234,0
"1587",-2.28723404255319,1.01063829787234,0
"1588",-2.18085106382979,1.01063829787234,0
"1589",-2.07446808510638,1.01063829787234,0
"1590",-1.96808510638298,1.01063829787234,0
"1591",-1.86170212765957,1.01063829787234,0
"1592",-1.75531914893617,1.01063829787234,0
"1593",-1.64893617021277,1.01063829787234,0
"1594",-1.54255319148936,1.01063829787234,0
"1595",-1.43617021276596,1.01063829787234,0
"1596",-1.32978723404255,1.01063829787234,0
"1597",-1.22340425531915,1.01063829787234,0
"1598",-1.11702127659574,1.01063829787234,0
"1599",-1.01063829787234,1.01063829787234,0
"1600",-0.904255319148936,1.01063829787234,0
"1601",-0.797872340425532,1.01063829787234,0
"1602",-0.691489361702128,1.01063829787234,0
"1603",-0.585106382978723,1.01063829787234,0
"1604",-0.478723404255319,1.01063829787234,0
"1605",-0.372340425531915,1.01063829787234,0
"1606",-0.26595744680851,1.01063829787234,0
"1607",-0.159574468085106,1.01063829787234,0
"1608",-0.0531914893617023,1.01063829787234,0
"1609",0.0531914893617023,1.01063829787234,0
"1610",0.159574468085106,1.01063829787234,0
"1611",0.265957446808511,1.01063829787234,0
"1612",0.372340425531915,1.01063829787234,0
"1613",0.478723404255319,1.01063829787234,0
"1614",0.585106382978724,1.01063829787234,0
"1615",0.691489361702128,1.01063829787234,0
"1616",0.797872340425532,1.01063829787234,0
"1617",0.904255319148936,1.01063829787234,0
"1618",1.01063829787234,1.01063829787234,0
"1619",1.11702127659574,1.01063829787234,0
"1620",1.22340425531915,1.01063829787234,0
"1621",1.32978723404255,1.01063829787234,0
"1622",1.43617021276596,1.01063829787234,0
"1623",1.54255319148936,1.01063829787234,0
"1624",1.64893617021277,1.01063829787234,0
"1625",1.75531914893617,1.01063829787234,0
"1626",1.86170212765957,1.01063829787234,0
"1627",1.96808510638298,1.01063829787234,0
"1628",2.07446808510638,1.01063829787234,0
"1629",2.18085106382979,1.01063829787234,0
"1630",2.28723404255319,1.01063829787234,0
"1631",2.3936170212766,1.01063829787234,0
"1632",2.5,1.01063829787234,0
"1633",-2.5,1.11702127659574,0
"1634",-2.3936170212766,1.11702127659574,0
"1635",-2.28723404255319,1.11702127659574,0
"1636",-2.18085106382979,1.11702127659574,0
"1637",-2.07446808510638,1.11702127659574,0
"1638",-1.96808510638298,1.11702127659574,0
"1639",-1.86170212765957,1.11702127659574,0
"1640",-1.75531914893617,1.11702127659574,0
"1641",-1.64893617021277,1.11702127659574,0
"1642",-1.54255319148936,1.11702127659574,0
"1643",-1.43617021276596,1.11702127659574,0
"1644",-1.32978723404255,1.11702127659574,0
"1645",-1.22340425531915,1.11702127659574,0
"1646",-1.11702127659574,1.11702127659574,0
"1647",-1.01063829787234,1.11702127659574,0
"1648",-0.904255319148936,1.11702127659574,0
"1649",-0.797872340425532,1.11702127659574,0
"1650",-0.691489361702128,1.11702127659574,0
"1651",-0.585106382978723,1.11702127659574,0
"1652",-0.478723404255319,1.11702127659574,0
"1653",-0.372340425531915,1.11702127659574,0
"1654",-0.26595744680851,1.11702127659574,0
"1655",-0.159574468085106,1.11702127659574,0
"1656",-0.0531914893617023,1.11702127659574,0
"1657",0.0531914893617023,1.11702127659574,0
"1658",0.159574468085106,1.11702127659574,0
"1659",0.265957446808511,1.11702127659574,0
"1660",0.372340425531915,1.11702127659574,0
"1661",0.478723404255319,1.11702127659574,0
"1662",0.585106382978724,1.11702127659574,0
"1663",0.691489361702128,1.11702127659574,0
"1664",0.797872340425532,1.11702127659574,0
"1665",0.904255319148936,1.11702127659574,0
"1666",1.01063829787234,1.11702127659574,0
"1667",1.11702127659574,1.11702127659574,0
"1668",1.22340425531915,1.11702127659574,0
"1669",1.32978723404255,1.11702127659574,0
"1670",1.43617021276596,1.11702127659574,0
"1671",1.54255319148936,1.11702127659574,0
"1672",1.64893617021277,1.11702127659574,0
"1673",1.75531914893617,1.11702127659574,0
"1674",1.86170212765957,1.11702127659574,0
"1675",1.96808510638298,1.11702127659574,0
"1676",2.07446808510638,1.11702127659574,0
"1677",2.18085106382979,1.11702127659574,0
"1678",2.28723404255319,1.11702127659574,0
"1679",2.3936170212766,1.11702127659574,0
"1680",2.5,1.11702127659574,0
"1681",-2.5,1.22340425531915,0
"1682",-2.3936170212766,1.22340425531915,0
"1683",-2.28723404255319,1.22340425531915,0
"1684",-2.18085106382979,1.22340425531915,0
"1685",-2.07446808510638,1.22340425531915,0
"1686",-1.96808510638298,1.22340425531915,0
"1687",-1.86170212765957,1.22340425531915,0
"1688",-1.75531914893617,1.22340425531915,0
"1689",-1.64893617021277,1.22340425531915,0
"1690",-1.54255319148936,1.22340425531915,0
"1691",-1.43617021276596,1.22340425531915,0
"1692",-1.32978723404255,1.22340425531915,0
"1693",-1.22340425531915,1.22340425531915,0
"1694",-1.11702127659574,1.22340425531915,0
"1695",-1.01063829787234,1.22340425531915,0
"1696",-0.904255319148936,1.22340425531915,0
"1697",-0.797872340425532,1.22340425531915,0
"1698",-0.691489361702128,1.22340425531915,0
"1699",-0.585106382978723,1.22340425531915,0
"1700",-0.478723404255319,1.22340425531915,0
"1701",-0.372340425531915,1.22340425531915,0
"1702",-0.26595744680851,1.22340425531915,0
"1703",-0.159574468085106,1.22340425531915,0
"1704",-0.0531914893617023,1.22340425531915,0
"1705",0.0531914893617023,1.22340425531915,0
"1706",0.159574468085106,1.22340425531915,0
"1707",0.265957446808511,1.22340425531915,0
"1708",0.372340425531915,1.22340425531915,0
"1709",0.478723404255319,1.22340425531915,0
"1710",0.585106382978724,1.22340425531915,0
"1711",0.691489361702128,1.22340425531915,0
"1712",0.797872340425532,1.22340425531915,0
"1713",0.904255319148936,1.22340425531915,0
"1714",1.01063829787234,1.22340425531915,0
"1715",1.11702127659574,1.22340425531915,0
"1716",1.22340425531915,1.22340425531915,0
"1717",1.32978723404255,1.22340425531915,0
"1718",1.43617021276596,1.22340425531915,0
"1719",1.54255319148936,1.22340425531915,0
"1720",1.64893617021277,1.22340425531915,0
"1721",1.75531914893617,1.22340425531915,0
"1722",1.86170212765957,1.22340425531915,0
"1723",1.96808510638298,1.22340425531915,0
"1724",2.07446808510638,1.22340425531915,0
"1725",2.18085106382979,1.22340425531915,0
"1726",2.28723404255319,1.22340425531915,0
"1727",2.3936170212766,1.22340425531915,0
"1728",2.5,1.22340425531915,0
"1729",-2.5,1.32978723404255,0
"1730",-2.3936170212766,1.32978723404255,0
"1731",-2.28723404255319,1.32978723404255,0
"1732",-2.18085106382979,1.32978723404255,0
"1733",-2.07446808510638,1.32978723404255,0
"1734",-1.96808510638298,1.32978723404255,0
"1735",-1.86170212765957,1.32978723404255,0
"1736",-1.75531914893617,1.32978723404255,0
"1737",-1.64893617021277,1.32978723404255,0
"1738",-1.54255319148936,1.32978723404255,0
"1739",-1.43617021276596,1.32978723404255,0
"1740",-1.32978723404255,1.32978723404255,0
"1741",-1.22340425531915,1.32978723404255,0
"1742",-1.11702127659574,1.32978723404255,0
"1743",-1.01063829787234,1.32978723404255,0
"1744",-0.904255319148936,1.32978723404255,0
"1745",-0.797872340425532,1.32978723404255,0
"1746",-0.691489361702128,1.32978723404255,0
"1747",-0.585106382978723,1.32978723404255,0
"1748",-0.478723404255319,1.32978723404255,0
"1749",-0.372340425531915,1.32978723404255,0
"1750",-0.26595744680851,1.32978723404255,0
"1751",-0.159574468085106,1.32978723404255,0
"1752",-0.0531914893617023,1.32978723404255,0
"1753",0.0531914893617023,1.32978723404255,0
"1754",0.159574468085106,1.32978723404255,0
"1755",0.265957446808511,1.32978723404255,0
"1756",0.372340425531915,1.32978723404255,0
"1757",0.478723404255319,1.32978723404255,0
"1758",0.585106382978724,1.32978723404255,0
"1759",0.691489361702128,1.32978723404255,0
"1760",0.797872340425532,1.32978723404255,0
"1761",0.904255319148936,1.32978723404255,0
"1762",1.01063829787234,1.32978723404255,0
"1763",1.11702127659574,1.32978723404255,0
"1764",1.22340425531915,1.32978723404255,0
"1765",1.32978723404255,1.32978723404255,0
"1766",1.43617021276596,1.32978723404255,0
"1767",1.54255319148936,1.32978723404255,0
"1768",1.64893617021277,1.32978723404255,0
"1769",1.75531914893617,1.32978723404255,0
"1770",1.86170212765957,1.32978723404255,0
"1771",1.96808510638298,1.32978723404255,0
"1772",2.07446808510638,1.32978723404255,0
"1773",2.18085106382979,1.32978723404255,0
"1774",2.28723404255319,1.32978723404255,0
"1775",2.3936170212766,1.32978723404255,0
"1776",2.5,1.32978723404255,0
"1777",-2.5,1.43617021276596,0
"1778",-2.3936170212766,1.43617021276596,0
"1779",-2.28723404255319,1.43617021276596,0
"1780",-2.18085106382979,1.43617021276596,0
"1781",-2.07446808510638,1.43617021276596,0
"1782",-1.96808510638298,1.43617021276596,0
"1783",-1.86170212765957,1.43617021276596,0
"1784",-1.75531914893617,1.43617021276596,0
"1785",-1.64893617021277,1.43617021276596,0
"1786",-1.54255319148936,1.43617021276596,0
"1787",-1.43617021276596,1.43617021276596,0
"1788",-1.32978723404255,1.43617021276596,0
"1789",-1.22340425531915,1.43617021276596,0
"1790",-1.11702127659574,1.43617021276596,0
"1791",-1.01063829787234,1.43617021276596,0
"1792",-0.904255319148936,1.43617021276596,0
"1793",-0.797872340425532,1.43617021276596,0
"1794",-0.691489361702128,1.43617021276596,0
"1795",-0.585106382978723,1.43617021276596,0
"1796",-0.478723404255319,1.43617021276596,0
"1797",-0.372340425531915,1.43617021276596,0
"1798",-0.26595744680851,1.43617021276596,0
"1799",-0.159574468085106,1.43617021276596,0
"1800",-0.0531914893617023,1.43617021276596,0
"1801",0.0531914893617023,1.43617021276596,0
"1802",0.159574468085106,1.43617021276596,0
"1803",0.265957446808511,1.43617021276596,0
"1804",0.372340425531915,1.43617021276596,0
"1805",0.478723404255319,1.43617021276596,0
"1806",0.585106382978724,1.43617021276596,0
"1807",0.691489361702128,1.43617021276596,0
"1808",0.797872340425532,1.43617021276596,0
"1809",0.904255319148936,1.43617021276596,0
"1810",1.01063829787234,1.43617021276596,0
"1811",1.11702127659574,1.43617021276596,0
"1812",1.22340425531915,1.43617021276596,0
"1813",1.32978723404255,1.43617021276596,0
"1814",1.43617021276596,1.43617021276596,0
"1815",1.54255319148936,1.43617021276596,0
"1816",1.64893617021277,1.43617021276596,0
"1817",1.75531914893617,1.43617021276596,0
"1818",1.86170212765957,1.43617021276596,0
"1819",1.96808510638298,1.43617021276596,0
"1820",2.07446808510638,1.43617021276596,0
"1821",2.18085106382979,1.43617021276596,0
"1822",2.28723404255319,1.43617021276596,0
"1823",2.3936170212766,1.43617021276596,0
"1824",2.5,1.43617021276596,0
"1825",-2.5,1.54255319148936,0
"1826",-2.3936170212766,1.54255319148936,0
"1827",-2.28723404255319,1.54255319148936,0
"1828",-2.18085106382979,1.54255319148936,0
"1829",-2.07446808510638,1.54255319148936,0
"1830",-1.96808510638298,1.54255319148936,0
"1831",-1.86170212765957,1.54255319148936,0
"1832",-1.75531914893617,1.54255319148936,0
"1833",-1.64893617021277,1.54255319148936,0
"1834",-1.54255319148936,1.54255319148936,0
"1835",-1.43617021276596,1.54255319148936,0
"1836",-1.32978723404255,1.54255319148936,0
"1837",-1.22340425531915,1.54255319148936,0
"1838",-1.11702127659574,1.54255319148936,0
"1839",-1.01063829787234,1.54255319148936,0
"1840",-0.904255319148936,1.54255319148936,0
"1841",-0.797872340425532,1.54255319148936,0
"1842",-0.691489361702128,1.54255319148936,0
"1843",-0.585106382978723,1.54255319148936,0
"1844",-0.478723404255319,1.54255319148936,0
"1845",-0.372340425531915,1.54255319148936,0
"1846",-0.26595744680851,1.54255319148936,0
"1847",-0.159574468085106,1.54255319148936,0
"1848",-0.0531914893617023,1.54255319148936,0
"1849",0.0531914893617023,1.54255319148936,0
"1850",0.159574468085106,1.54255319148936,0
"1851",0.265957446808511,1.54255319148936,0
"1852",0.372340425531915,1.54255319148936,0
"1853",0.478723404255319,1.54255319148936,0
"1854",0.585106382978724,1.54255319148936,0
"1855",0.691489361702128,1.54255319148936,0
"1856",0.797872340425532,1.54255319148936,0
"1857",0.904255319148936,1.54255319148936,0
"1858",1.01063829787234,1.54255319148936,0
"1859",1.11702127659574,1.54255319148936,0
"1860",1.22340425531915,1.54255319148936,0
"1861",1.32978723404255,1.54255319148936,0
"1862",1.43617021276596,1.54255319148936,0
"1863",1.54255319148936,1.54255319148936,0
"1864",1.64893617021277,1.54255319148936,0
"1865",1.75531914893617,1.54255319148936,0
"1866",1.86170212765957,1.54255319148936,0
"1867",1.96808510638298,1.54255319148936,0
"1868",2.07446808510638,1.54255319148936,0
"1869",2.18085106382979,1.54255319148936,0
"1870",2.28723404255319,1.54255319148936,0
"1871",2.3936170212766,1.54255319148936,0
"1872",2.5,1.54255319148936,0
"1873",-2.5,1.64893617021277,0
"1874",-2.3936170212766,1.64893617021277,0
"1875",-2.28723404255319,1.64893617021277,0
"1876",-2.18085106382979,1.64893617021277,0
"1877",-2.07446808510638,1.64893617021277,0
"1878",-1.96808510638298,1.64893617021277,0
"1879",-1.86170212765957,1.64893617021277,0
"1880",-1.75531914893617,1.64893617021277,0
"1881",-1.64893617021277,1.64893617021277,0
"1882",-1.54255319148936,1.64893617021277,0
"1883",-1.43617021276596,1.64893617021277,0
"1884",-1.32978723404255,1.64893617021277,0
"1885",-1.22340425531915,1.64893617021277,0
"1886",-1.11702127659574,1.64893617021277,0
"1887",-1.01063829787234,1.64893617021277,0
"1888",-0.904255319148936,1.64893617021277,0
"1889",-0.797872340425532,1.64893617021277,0
"1890",-0.691489361702128,1.64893617021277,0
"1891",-0.585106382978723,1.64893617021277,0
"1892",-0.478723404255319,1.64893617021277,0
"1893",-0.372340425531915,1.64893617021277,0
"1894",-0.26595744680851,1.64893617021277,0
"1895",-0.159574468085106,1.64893617021277,0
"1896",-0.0531914893617023,1.64893617021277,0
"1897",0.0531914893617023,1.64893617021277,0
"1898",0.159574468085106,1.64893617021277,0
"1899",0.265957446808511,1.64893617021277,0
"1900",0.372340425531915,1.64893617021277,0
"1901",0.478723404255319,1.64893617021277,0
"1902",0.585106382978724,1.64893617021277,0
"1903",0.691489361702128,1.64893617021277,0
"1904",0.797872340425532,1.64893617021277,0
"1905",0.904255319148936,1.64893617021277,0
"1906",1.01063829787234,1.64893617021277,0
"1907",1.11702127659574,1.64893617021277,0
"1908",1.22340425531915,1.64893617021277,0
"1909",1.32978723404255,1.64893617021277,0
"1910",1.43617021276596,1.64893617021277,0
"1911",1.54255319148936,1.64893617021277,0
"1912",1.64893617021277,1.64893617021277,0
"1913",1.75531914893617,1.64893617021277,0
"1914",1.86170212765957,1.64893617021277,0
"1915",1.96808510638298,1.64893617021277,0
"1916",2.07446808510638,1.64893617021277,0
"1917",2.18085106382979,1.64893617021277,0
"1918",2.28723404255319,1.64893617021277,0
"1919",2.3936170212766,1.64893617021277,0
"1920",2.5,1.64893617021277,0
"1921",-2.5,1.75531914893617,0
"1922",-2.3936170212766,1.75531914893617,0
"1923",-2.28723404255319,1.75531914893617,0
"1924",-2.18085106382979,1.75531914893617,0
"1925",-2.07446808510638,1.75531914893617,0
"1926",-1.96808510638298,1.75531914893617,0
"1927",-1.86170212765957,1.75531914893617,0
"1928",-1.75531914893617,1.75531914893617,0
"1929",-1.64893617021277,1.75531914893617,0
"1930",-1.54255319148936,1.75531914893617,0
"1931",-1.43617021276596,1.75531914893617,0
"1932",-1.32978723404255,1.75531914893617,0
"1933",-1.22340425531915,1.75531914893617,0
"1934",-1.11702127659574,1.75531914893617,0
"1935",-1.01063829787234,1.75531914893617,0
"1936",-0.904255319148936,1.75531914893617,0
"1937",-0.797872340425532,1.75531914893617,0
"1938",-0.691489361702128,1.75531914893617,0
"1939",-0.585106382978723,1.75531914893617,0
"1940",-0.478723404255319,1.75531914893617,0
"1941",-0.372340425531915,1.75531914893617,0
"1942",-0.26595744680851,1.75531914893617,0
"1943",-0.159574468085106,1.75531914893617,0
"1944",-0.0531914893617023,1.75531914893617,0
"1945",0.0531914893617023,1.75531914893617,0
"1946",0.159574468085106,1.75531914893617,0
"1947",0.265957446808511,1.75531914893617,0
"1948",0.372340425531915,1.75531914893617,0
"1949",0.478723404255319,1.75531914893617,0
"1950",0.585106382978724,1.75531914893617,0
"1951",0.691489361702128,1.75531914893617,0
"1952",0.797872340425532,1.75531914893617,0
"1953",0.904255319148936,1.75531914893617,0
"1954",1.01063829787234,1.75531914893617,0
"1955",1.11702127659574,1.75531914893617,0
"1956",1.22340425531915,1.75531914893617,0
"1957",1.32978723404255,1.75531914893617,0
"1958",1.43617021276596,1.75531914893617,0
"1959",1.54255319148936,1.75531914893617,0
"1960",1.64893617021277,1.75531914893617,0
"1961",1.75531914893617,1.75531914893617,0
"1962",1.86170212765957,1.75531914893617,0
"1963",1.96808510638298,1.75531914893617,0
"1964",2.07446808510638,1.75531914893617,0
"1965",2.18085106382979,1.75531914893617,0
"1966",2.28723404255319,1.75531914893617,0
"1967",2.3936170212766,1.75531914893617,0
"1968",2.5,1.75531914893617,0
"1969",-2.5,1.86170212765957,0
"1970",-2.3936170212766,1.86170212765957,0
"1971",-2.28723404255319,1.86170212765957,0
"1972",-2.18085106382979,1.86170212765957,0
"1973",-2.07446808510638,1.86170212765957,0
"1974",-1.96808510638298,1.86170212765957,0
"1975",-1.86170212765957,1.86170212765957,0
"1976",-1.75531914893617,1.86170212765957,0
"1977",-1.64893617021277,1.86170212765957,0
"1978",-1.54255319148936,1.86170212765957,0
"1979",-1.43617021276596,1.86170212765957,0
"1980",-1.32978723404255,1.86170212765957,0
"1981",-1.22340425531915,1.86170212765957,0
"1982",-1.11702127659574,1.86170212765957,0
"1983",-1.01063829787234,1.86170212765957,0
"1984",-0.904255319148936,1.86170212765957,0
"1985",-0.797872340425532,1.86170212765957,0
"1986",-0.691489361702128,1.86170212765957,0
"1987",-0.585106382978723,1.86170212765957,0
"1988",-0.478723404255319,1.86170212765957,0
"1989",-0.372340425531915,1.86170212765957,0
"1990",-0.26595744680851,1.86170212765957,0
"1991",-0.159574468085106,1.86170212765957,0
"1992",-0.0531914893617023,1.86170212765957,0
"1993",0.0531914893617023,1.86170212765957,0
"1994",0.159574468085106,1.86170212765957,0
"1995",0.265957446808511,1.86170212765957,0
"1996",0.372340425531915,1.86170212765957,0
"1997",0.478723404255319,1.86170212765957,0
"1998",0.585106382978724,1.86170212765957,0
"1999",0.691489361702128,1.86170212765957,0
"2000",0.797872340425532,1.86170212765957,0
"2001",0.904255319148936,1.86170212765957,0
"2002",1.01063829787234,1.86170212765957,0
"2003",1.11702127659574,1.86170212765957,0
"2004",1.22340425531915,1.86170212765957,0
"2005",1.32978723404255,1.86170212765957,0
"2006",1.43617021276596,1.86170212765957,0
"2007",1.54255319148936,1.86170212765957,0
"2008",1.64893617021277,1.86170212765957,0
"2009",1.75531914893617,1.86170212765957,0
"2010",1.86170212765957,1.86170212765957,0
"2011",1.96808510638298,1.86170212765957,0
"2012",2.07446808510638,1.86170212765957,0
"2013",2.18085106382979,1.86170212765957,0
"2014",2.28723404255319,1.86170212765957,0
"2015",2.3936170212766,1.86170212765957,0
"2016",2.5,1.86170212765957,0
"2017",-2.5,1.96808510638298,0
"2018",-2.3936170212766,1.96808510638298,0
"2019",-2.28723404255319,1.96808510638298,0
"2020",-2.18085106382979,1.96808510638298,0
"2021",-2.07446808510638,1.96808510638298,0
"2022",-1.96808510638298,1.96808510638298,0
"2023",-1.86170212765957,1.96808510638298,0
"2024",-1.75531914893617,1.96808510638298,0
"2025",-1.64893617021277,1.96808510638298,0
"2026",-1.54255319148936,1.96808510638298,0
"2027",-1.43617021276596,1.96808510638298,0
"2028",-1.32978723404255,1.96808510638298,0
"2029",-1.22340425531915,1.96808510638298,0
"2030",-1.11702127659574,1.96808510638298,0
"2031",-1.01063829787234,1.96808510638298,0
"2032",-0.904255319148936,1.96808510638298,0
"2033",-0.797872340425532,1.96808510638298,0
"2034",-0.691489361702128,1.96808510638298,0
"2035",-0.585106382978723,1.96808510638298,0
"2036",-0.478723404255319,1.96808510638298,0
"2037",-0.372340425531915,1.96808510638298,0
"2038",-0.26595744680851,1.96808510638298,0
"2039",-0.159574468085106,1.96808510638298,0
"2040",-0.0531914893617023,1.96808510638298,0
"2041",0.0531914893617023,1.96808510638298,0
"2042",0.159574468085106,1.96808510638298,0
"2043",0.265957446808511,1.96808510638298,0
"2044",0.372340425531915,1.96808510638298,0
"2045",0.478723404255319,1.96808510638298,0
"2046",0.585106382978724,1.96808510638298,0
"2047",0.691489361702128,1.96808510638298,0
"2048",0.797872340425532,1.96808510638298,0
"2049",0.904255319148936,1.96808510638298,0
"2050",1.01063829787234,1.96808510638298,0
"2051",1.11702127659574,1.96808510638298,0
"2052",1.22340425531915,1.96808510638298,0
"2053",1.32978723404255,1.96808510638298,0
"2054",1.43617021276596,1.96808510638298,0
"2055",1.54255319148936,1.96808510638298,0
"2056",1.64893617021277,1.96808510638298,0
"2057",1.75531914893617,1.96808510638298,0
"2058",1.86170212765957,1.96808510638298,0
"2059",1.96808510638298,1.96808510638298,0
"2060",2.07446808510638,1.96808510638298,0
"2061",2.18085106382979,1.96808510638298,0
"2062",2.28723404255319,1.96808510638298,0
"2063",2.3936170212766,1.96808510638298,0
"2064",2.5,1.96808510638298,0
"2065",-2.5,2.07446808510638,0
"2066",-2.3936170212766,2.07446808510638,0
"2067",-2.28723404255319,2.07446808510638,0
"2068",-2.18085106382979,2.07446808510638,0
"2069",-2.07446808510638,2.07446808510638,0
"2070",-1.96808510638298,2.07446808510638,0
"2071",-1.86170212765957,2.07446808510638,0
"2072",-1.75531914893617,2.07446808510638,0
"2073",-1.64893617021277,2.07446808510638,0
"2074",-1.54255319148936,2.07446808510638,0
"2075",-1.43617021276596,2.07446808510638,0
"2076",-1.32978723404255,2.07446808510638,0
"2077",-1.22340425531915,2.07446808510638,0
"2078",-1.11702127659574,2.07446808510638,0
"2079",-1.01063829787234,2.07446808510638,0
"2080",-0.904255319148936,2.07446808510638,0
"2081",-0.797872340425532,2.07446808510638,0
"2082",-0.691489361702128,2.07446808510638,0
"2083",-0.585106382978723,2.07446808510638,0
"2084",-0.478723404255319,2.07446808510638,0
"2085",-0.372340425531915,2.07446808510638,0
"2086",-0.26595744680851,2.07446808510638,0
"2087",-0.159574468085106,2.07446808510638,0
"2088",-0.0531914893617023,2.07446808510638,0
"2089",0.0531914893617023,2.07446808510638,0
"2090",0.159574468085106,2.07446808510638,0
"2091",0.265957446808511,2.07446808510638,0
"2092",0.372340425531915,2.07446808510638,0
"2093",0.478723404255319,2.07446808510638,0
"2094",0.585106382978724,2.07446808510638,0
"2095",0.691489361702128,2.07446808510638,0
"2096",0.797872340425532,2.07446808510638,0
"2097",0.904255319148936,2.07446808510638,0
"2098",1.01063829787234,2.07446808510638,0
"2099",1.11702127659574,2.07446808510638,0
"2100",1.22340425531915,2.07446808510638,0
"2101",1.32978723404255,2.07446808510638,0
"2102",1.43617021276596,2.07446808510638,0
"2103",1.54255319148936,2.07446808510638,0
"2104",1.64893617021277,2.07446808510638,0
"2105",1.75531914893617,2.07446808510638,0
"2106",1.86170212765957,2.07446808510638,0
"2107",1.96808510638298,2.07446808510638,0
"2108",2.07446808510638,2.07446808510638,0
"2109",2.18085106382979,2.07446808510638,0
"2110",2.28723404255319,2.07446808510638,0
"2111",2.3936170212766,2.07446808510638,0
"2112",2.5,2.07446808510638,0
"2113",-2.5,2.18085106382979,0
"2114",-2.3936170212766,2.18085106382979,0
"2115",-2.28723404255319,2.18085106382979,0
"2116",-2.18085106382979,2.18085106382979,0
"2117",-2.07446808510638,2.18085106382979,0
"2118",-1.96808510638298,2.18085106382979,0
"2119",-1.86170212765957,2.18085106382979,0
"2120",-1.75531914893617,2.18085106382979,0
"2121",-1.64893617021277,2.18085106382979,0
"2122",-1.54255319148936,2.18085106382979,0
"2123",-1.43617021276596,2.18085106382979,0
"2124",-1.32978723404255,2.18085106382979,0
"2125",-1.22340425531915,2.18085106382979,0
"2126",-1.11702127659574,2.18085106382979,0
"2127",-1.01063829787234,2.18085106382979,0
"2128",-0.904255319148936,2.18085106382979,0
"2129",-0.797872340425532,2.18085106382979,0
"2130",-0.691489361702128,2.18085106382979,0
"2131",-0.585106382978723,2.18085106382979,0
"2132",-0.478723404255319,2.18085106382979,0
"2133",-0.372340425531915,2.18085106382979,0
"2134",-0.26595744680851,2.18085106382979,0
"2135",-0.159574468085106,2.18085106382979,0
"2136",-0.0531914893617023,2.18085106382979,0
"2137",0.0531914893617023,2.18085106382979,0
"2138",0.159574468085106,2.18085106382979,0
"2139",0.265957446808511,2.18085106382979,0
"2140",0.372340425531915,2.18085106382979,0
"2141",0.478723404255319,2.18085106382979,0
"2142",0.585106382978724,2.18085106382979,0
"2143",0.691489361702128,2.18085106382979,0
"2144",0.797872340425532,2.18085106382979,0
"2145",0.904255319148936,2.18085106382979,0
"2146",1.01063829787234,2.18085106382979,0
"2147",1.11702127659574,2.18085106382979,0
"2148",1.22340425531915,2.18085106382979,0
"2149",1.32978723404255,2.18085106382979,0
"2150",1.43617021276596,2.18085106382979,0
"2151",1.54255319148936,2.18085106382979,0
"2152",1.64893617021277,2.18085106382979,0
"2153",1.75531914893617,2.18085106382979,0
"2154",1.86170212765957,2.18085106382979,0
"2155",1.96808510638298,2.18085106382979,0
"2156",2.07446808510638,2.18085106382979,0
"2157",2.18085106382979,2.18085106382979,0
"2158",2.28723404255319,2.18085106382979,0
"2159",2.3936170212766,2.18085106382979,0
"2160",2.5,2.18085106382979,0
"2161",-2.5,2.28723404255319,0
"2162",-2.3936170212766,2.28723404255319,0
"2163",-2.28723404255319,2.28723404255319,0
"2164",-2.18085106382979,2.28723404255319,0
"2165",-2.07446808510638,2.28723404255319,0
"2166",-1.96808510638298,2.28723404255319,0
"2167",-1.86170212765957,2.28723404255319,0
"2168",-1.75531914893617,2.28723404255319,0
"2169",-1.64893617021277,2.28723404255319,0
"2170",-1.54255319148936,2.28723404255319,0
"2171",-1.43617021276596,2.28723404255319,0
"2172",-1.32978723404255,2.28723404255319,0
"2173",-1.22340425531915,2.28723404255319,0
"2174",-1.11702127659574,2.28723404255319,0
"2175",-1.01063829787234,2.28723404255319,0
"2176",-0.904255319148936,2.28723404255319,0
"2177",-0.797872340425532,2.28723404255319,0
"2178",-0.691489361702128,2.28723404255319,0
"2179",-0.585106382978723,2.28723404255319,0
"2180",-0.478723404255319,2.28723404255319,0
"2181",-0.372340425531915,2.28723404255319,0
"2182",-0.26595744680851,2.28723404255319,0
"2183",-0.159574468085106,2.28723404255319,0
"2184",-0.0531914893617023,2.28723404255319,0
"2185",0.0531914893617023,2.28723404255319,0
"2186",0.159574468085106,2.28723404255319,0
"2187",0.265957446808511,2.28723404255319,0
"2188",0.372340425531915,2.28723404255319,0
"2189",0.478723404255319,2.28723404255319,0
"2190",0.585106382978724,2.28723404255319,0
"2191",0.691489361702128,2.28723404255319,0
"2192",0.797872340425532,2.28723404255319,0
"2193",0.904255319148936,2.28723404255319,0
"2194",1.01063829787234,2.28723404255319,0
"2195",1.11702127659574,2.28723404255319,0
"2196",1.22340425531915,2.28723404255319,0
"2197",1.32978723404255,2.28723404255319,0
"2198",1.43617021276596,2.28723404255319,0
"2199",1.54255319148936,2.28723404255319,0
"2200",1.64893617021277,2.28723404255319,0
"2201",1.75531914893617,2.28723404255319,0
"2202",1.86170212765957,2.28723404255319,0
"2203",1.96808510638298,2.28723404255319,0
"2204",2.07446808510638,2.28723404255319,0
"2205",2.18085106382979,2.28723404255319,0
"2206",2.28723404255319,2.28723404255319,0
"2207",2.3936170212766,2.28723404255319,0
"2208",2.5,2.28723404255319,0
"2209",-2.5,2.3936170212766,0
"2210",-2.3936170212766,2.3936170212766,0
"2211",-2.28723404255319,2.3936170212766,0
"2212",-2.18085106382979,2.3936170212766,0
"2213",-2.07446808510638,2.3936170212766,0
"2214",-1.96808510638298,2.3936170212766,0
"2215",-1.86170212765957,2.3936170212766,0
"2216",-1.75531914893617,2.3936170212766,0
"2217",-1.64893617021277,2.3936170212766,0
"2218",-1.54255319148936,2.3936170212766,0
"2219",-1.43617021276596,2.3936170212766,0
"2220",-1.32978723404255,2.3936170212766,0
"2221",-1.22340425531915,2.3936170212766,0
"2222",-1.11702127659574,2.3936170212766,0
"2223",-1.01063829787234,2.3936170212766,0
"2224",-0.904255319148936,2.3936170212766,0
"2225",-0.797872340425532,2.3936170212766,0
"2226",-0.691489361702128,2.3936170212766,0
"2227",-0.585106382978723,2.3936170212766,0
"2228",-0.478723404255319,2.3936170212766,0
"2229",-0.372340425531915,2.3936170212766,0
"2230",-0.26595744680851,2.3936170212766,0
"2231",-0.159574468085106,2.3936170212766,0
"2232",-0.0531914893617023,2.3936170212766,0
"2233",0.0531914893617023,2.3936170212766,0
"2234",0.159574468085106,2.3936170212766,0
"2235",0.265957446808511,2.3936170212766,0
"2236",0.372340425531915,2.3936170212766,0
"2237",0.478723404255319,2.3936170212766,0
"2238",0.585106382978724,2.3936170212766,0
"2239",0.691489361702128,2.3936170212766,0
"2240",0.797872340425532,2.3936170212766,0
"2241",0.904255319148936,2.3936170212766,0
"2242",1.01063829787234,2.3936170212766,0
"2243",1.11702127659574,2.3936170212766,0
"2244",1.22340425531915,2.3936170212766,0
"2245",1.32978723404255,2.3936170212766,0
"2246",1.43617021276596,2.3936170212766,0
"2247",1.54255319148936,2.3936170212766,0
"2248",1.64893617021277,2.3936170212766,0
"2249",1.75531914893617,2.3936170212766,0
"2250",1.86170212765957,2.3936170212766,0
"2251",1.96808510638298,2.3936170212766,0
"2252",2.07446808510638,2.3936170212766,0
"2253",2.18085106382979,2.3936170212766,0
"2254",2.28723404255319,2.3936170212766,0
"2255",2.3936170212766,2.3936170212766,0
"2256",2.5,2.3936170212766,0
"2257",-2.5,2.5,0
"2258",-2.3936170212766,2.5,0
"2259",-2.28723404255319,2.5,0
"2260",-2.18085106382979,2.5,0
"2261",-2.07446808510638,2.5,0
"2262",-1.96808510638298,2.5,0
"2263",-1.86170212765957,2.5,0
"2264",-1.75531914893617,2.5,0
"2265",-1.64893617021277,2.5,0
"2266",-1.54255319148936,2.5,0
"2267",-1.43617021276596,2.5,0
"2268",-1.32978723404255,2.5,0
"2269",-1.22340425531915,2.5,0
"2270",-1.11702127659574,2.5,0
"2271",-1.01063829787234,2.5,0
"2272",-0.904255319148936,2.5,0
"2273",-0.797872340425532,2.5,0
"2274",-0.691489361702128,2.5,0
"2275",-0.585106382978723,2.5,0
"2276",-0.478723404255319,2.5,0
"2277",-0.372340425531915,2.5,0
"2278",-0.26595744680851,2.5,0
"2279",-0.159574468085106,2.5,0
"2280",-0.0531914893617023,2.5,0
"2281",0.0531914893617023,2.5,0
"2282",0.159574468085106,2.5,0
"2283",0.265957446808511,2.5,0
"2284",0.372340425531915,2.5,0
"2285",0.478723404255319,2.5,0
"2286",0.585106382978724,2.5,0
"2287",0.691489361702128,2.5,0
"2288",0.797872340425532,2.5,0
"2289",0.904255319148936,2.5,0
"2290",1.01063829787234,2.5,0
"2291",1.11702127659574,2.5,0
"2292",1.22340425531915,2.5,0
"2293",1.32978723404255,2.5,0
"2294",1.43617021276596,2.5,0
"2295",1.54255319148936,2.5,0
"2296",1.64893617021277,2.5,0
"2297",1.75531914893617,2.5,0
"2298",1.86170212765957,2.5,0
"2299",1.96808510638298,2.5,0
"2300",2.07446808510638,2.5,0
"2301",2.18085106382979,2.5,0
"2302",2.28723404255319,2.5,0
"2303",2.3936170212766,2.5,0
"2304",2.5,2.5,0
